tool,method_name,missed_in_apps,apps_considered
FLOWDROID,getDeviceId,86,115
FLOWDROID,sendTextMessage,44,115
FLOWDROID,inflate,13,115
FLOWDROID,commit,9,115
FLOWDROID,getSystemService,9,115
FLOWDROID,equals,8,115
FLOWDROID,getText,8,115
FLOWDROID,toString,8,115
FLOWDROID,getStringExtra,8,115
FLOWDROID,add,7,115
FLOWDROID,beginTransaction,7,115
FLOWDROID,dispatchCreate,6,115
FLOWDROID,attachActivity,6,115
FLOWDROID,getLastNonConfigurationInstance,6,115
FLOWDROID,recycle,6,115
FLOWDROID,setFactory,6,115
FLOWDROID,getFactory,6,115
FLOWDROID,getLayoutInflater,6,115
FLOWDROID,moveToState,6,115
FLOWDROID,getLongitude,6,115
FLOWDROID,requestLocationUpdates,6,115
FLOWDROID,show,6,115
FLOWDROID,setCallback,5,115
FLOWDROID,addOp,5,115
FLOWDROID,getBoolean,5,115
FLOWDROID,getComponentName,5,115
FLOWDROID,onWindowAttributesChanged,5,115
FLOWDROID,getActivityInfo,5,115
FLOWDROID,getUiOptionsFromMetadata,5,115
FLOWDROID,onContentChanged,5,115
FLOWDROID,requestWindowFeature,5,115
FLOWDROID,getCallback,5,115
FLOWDROID,onSupportContentChanged,5,115
FLOWDROID,checkStateLoss,5,115
FLOWDROID,size,5,115
FLOWDROID,createWindowCallbackWrapper,5,115
FLOWDROID,post,5,115
FLOWDROID,removeCallbacks,5,115
FLOWDROID,getWindow,5,115
FLOWDROID,createDelegate,5,115
FLOWDROID,getPackageManager,5,115
FLOWDROID,commitInternal,5,115
FLOWDROID,superSetContentView,5,115
FLOWDROID,obtainStyledAttributes,5,115
FLOWDROID,doAddOp,5,115
FLOWDROID,enqueueAction,5,115
FLOWDROID,getParentActivityName,5,115
FLOWDROID,hasValue,5,115
FLOWDROID,getLatitude,5,115
FLOWDROID,setOnClickListener,5,115
FLOWDROID,writeToParcel,4,115
FLOWDROID,close,4,115
FLOWDROID,contains,4,115
FLOWDROID,next,4,115
FLOWDROID,getString,4,115
FLOWDROID,getInt,4,115
FLOWDROID,getSimSerialNumber,4,115
FLOWDROID,putString,4,115
FLOWDROID,newInstance,4,115
FLOWDROID,toCharArray,3,115
FLOWDROID,performCreateOptionsMenu,3,115
FLOWDROID,getActionBar,3,115
FLOWDROID,getLoaderManager,3,115
FLOWDROID,setIcon,3,115
FLOWDROID,performResume,3,115
FLOWDROID,dispatchStart,3,115
FLOWDROID,addFragment,3,115
FLOWDROID,addItem,3,115
FLOWDROID,onCreateAnimation,3,115
FLOWDROID,onDetachedFromWindow,3,115
FLOWDROID,myLooper,3,115
FLOWDROID,setAlphabeticShortcut,3,115
FLOWDROID,getThemedContext,3,115
FLOWDROID,saveAllState,3,115
FLOWDROID,onResume,3,115
FLOWDROID,onDetach,3,115
FLOWDROID,writeTypedArray,3,115
FLOWDROID,dispatchTouchEvent,3,115
FLOWDROID,hasAddedItem,3,115
FLOWDROID,putParcelable,3,115
FLOWDROID,onPause,3,115
FLOWDROID,removeMessages,3,115
FLOWDROID,access$000,3,115
FLOWDROID,dispatchFreezeSelfOnly,3,115
FLOWDROID,setEnabled,3,115
FLOWDROID,onActivityCreated,3,115
FLOWDROID,valueOf,3,115
FLOWDROID,readItem,3,115
FLOWDROID,onViewCreated,3,115
FLOWDROID,performCreate,3,115
FLOWDROID,append,3,115
FLOWDROID,parseMenu,3,115
FLOWDROID,onAttachFragment,3,115
FLOWDROID,onStart,3,115
FLOWDROID,getResourceId,3,115
FLOWDROID,dispatchActivityCreated,3,115
FLOWDROID,onPanelClosed,3,115
FLOWDROID,setTitleCondensed,3,115
FLOWDROID,performCreateView,3,115
FLOWDROID,getSupportActionBar,3,115
FLOWDROID,getLayoutParams,3,115
FLOWDROID,onPreparePanel,3,115
FLOWDROID,wrap,3,115
FLOWDROID,dispatchSaveInstanceState,3,115
FLOWDROID,onMenuOpened,3,115
FLOWDROID,performActivityCreated,3,115
FLOWDROID,onResumeFragments,3,115
FLOWDROID,executePendingTransactions,3,115
FLOWDROID,makeInactive,3,115
FLOWDROID,setShowAsAction,3,115
FLOWDROID,getEventType,3,115
FLOWDROID,popBackStackImmediate,3,115
FLOWDROID,performDestroy,3,115
FLOWDROID,noteStateNotSaved,3,115
FLOWDROID,dispatchResume,3,115
FLOWDROID,getClass,3,115
FLOWDROID,performSaveInstanceState,3,115
FLOWDROID,access$100,3,115
FLOWDROID,onViewStateRestored,3,115
FLOWDROID,execPendingActions,3,115
FLOWDROID,doReallyStop,3,115
FLOWDROID,performPendingDeferredStart,3,115
FLOWDROID,put,3,115
FLOWDROID,clear,3,115
FLOWDROID,getResources,3,115
FLOWDROID,dispatchStop,3,115
FLOWDROID,addView,3,115
FLOWDROID,restoreViewState,3,115
FLOWDROID,onTitleChanged,3,115
FLOWDROID,getLayout,3,115
FLOWDROID,invalidateSupportFragment,3,115
FLOWDROID,onPostResume,3,115
FLOWDROID,performStart,3,115
FLOWDROID,popBackStackState,3,115
FLOWDROID,setLayoutParams,3,115
FLOWDROID,performPause,3,115
FLOWDROID,isEmpty,3,115
FLOWDROID,toArray,3,115
FLOWDROID,setItem,3,115
FLOWDROID,getActionBarThemedContext,3,115
FLOWDROID,onDestroy,3,115
FLOWDROID,getShortcut,3,115
FLOWDROID,writeIntArray,3,115
FLOWDROID,createMenuWrapper,3,115
FLOWDROID,dispatchPause,3,115
FLOWDROID,set,3,115
FLOWDROID,dispatchPrepareOptionsMenu,3,115
FLOWDROID,performReallyStop,3,115
FLOWDROID,superOnPreparePanel,3,115
FLOWDROID,setChecked,3,115
FLOWDROID,dispatchReallyStop,3,115
FLOWDROID,dispatchTrackballEvent,3,115
FLOWDROID,onWindowFocusChanged,3,115
FLOWDROID,writeString,3,115
FLOWDROID,removeView,3,115
FLOWDROID,onKeyDown,3,115
FLOWDROID,createSupportActionBar,3,115
FLOWDROID,onDestroyView,3,115
FLOWDROID,isVisible,3,115
FLOWDROID,isFinishing,3,115
FLOWDROID,onSaveInstanceState,3,115
FLOWDROID,initState,3,115
FLOWDROID,resetGroup,3,115
FLOWDROID,loadAnimation,3,115
FLOWDROID,hasMessages,3,115
FLOWDROID,startPendingDeferredFragments,3,115
FLOWDROID,onCreatePanelView,3,115
FLOWDROID,finish,3,115
FLOWDROID,dispatchKeyEvent,3,115
FLOWDROID,hashCode,3,115
FLOWDROID,wrappedSetVisible,3,115
FLOWDROID,performPrepareOptionsMenu,3,115
FLOWDROID,onAttach,3,115
FLOWDROID,onCreatePanelMenu,3,115
FLOWDROID,performStop,3,115
FLOWDROID,dispatchDestroy,3,115
FLOWDROID,setCheckable,3,115
FLOWDROID,getContext,3,115
FLOWDROID,makeActive,3,115
FLOWDROID,saveFragmentBasicState,3,115
FLOWDROID,onPrepareOptionsPanel,3,115
FLOWDROID,bumpBackStackNesting,3,115
FLOWDROID,writeInt,3,115
FLOWDROID,dispatchCreateOptionsMenu,3,115
FLOWDROID,saveFragmentViewState,3,115
FLOWDROID,onBackPressed,3,115
FLOWDROID,getMenuItemWrapper,3,115
FLOWDROID,setVisible,3,115
FLOWDROID,setIndex,3,115
FLOWDROID,indexOf,3,115
FLOWDROID,superOnCreatePanelMenu,3,115
FLOWDROID,getName,3,115
FLOWDROID,asAttributeSet,3,115
FLOWDROID,findViewById,3,115
FLOWDROID,createSupportMenuItemWrapper,3,115
FLOWDROID,setNumericShortcut,3,115
FLOWDROID,superOnPrepareOptionsPanel,3,115
FLOWDROID,get,3,115
FLOWDROID,getLooper,3,115
FLOWDROID,saveHierarchyState,3,115
FLOWDROID,onReallyStop,3,115
FLOWDROID,onAttachedToWindow,3,115
FLOWDROID,sendEmptyMessage,3,115
FLOWDROID,writeBundle,3,115
FLOWDROID,performDestroyView,3,115
FLOWDROID,onStop,3,115
FLOWDROID,edit,3,115
FLOWDROID,getBytes,2,115
FLOWDROID,handleMessage,2,115
FLOWDROID,run,2,115
FLOWDROID,hasNext,2,115
FLOWDROID,getLastKnownLocation,2,115
FLOWDROID,getTitleCondensed,2,115
FLOWDROID,getItemId,2,115
FLOWDROID,superOnMenuItemSelected,2,115
FLOWDROID,createMenuItemWrapper,2,115
FLOWDROID,onMenuItemSelected,2,115
FLOWDROID,getExtras,2,115
FLOWDROID,foo,2,115
FLOWDROID,marshall,1,115
FLOWDROID,writeValue,1,115
FLOWDROID,unmarshall,1,115
FLOWDROID,readValue,1,115
FLOWDROID,createFromParcel,1,115
FLOWDROID,setDataPosition,1,115
FLOWDROID,read,1,115
FLOWDROID,substring,1,115
FLOWDROID,calculateIndex,1,115
FLOWDROID,getHint,1,115
FLOWDROID,queryIntentActivities,1,115
FLOWDROID,startsWith,1,115
FLOWDROID,iterator,1,115
FLOWDROID,getBestProvider,1,115
FLOWDROID,matcher,1,115
FLOWDROID,println,1,115
FLOWDROID,putExtra,1,115
FLOWDROID,setAction,1,115
FLOWDROID,onServiceConnected,1,115
FLOWDROID,getSubscriberId,1,115
FLOWDROID,onCreateView,1,115
FLOWDROID,onArticleSelected,1,115
FLOWDROID,addToBackStack,1,115
FLOWDROID,setText,1,115
FLOWDROID,findFragmentById,1,115
FLOWDROID,onListItemClick,1,115
FLOWDROID,replace,1,115
FLOWDROID,setItemChecked,1,115
FLOWDROID,putInt,1,115
FLOWDROID,registerOnSharedPreferenceChangeListener,1,115
FLOWDROID,printStackTrace,1,115
FLOWDROID,getMethod,1,115
FLOWDROID,invoke,1,115
FLOWDROID,bar,1,115
FLOWDROID,getDefault,1,115
FLOWDROID,execute,1,115
GATOR,setFactory,6,115
GATOR,getFactory,6,115
GATOR,getActivityInfo,5,115
GATOR,putString,3,115
GATOR,edit,3,115
GATOR,queryIntentActivities,1,115
GATOR,commit,1,115
GATOR,inflate,1,115
GATOR,registerOnSharedPreferenceChangeListener,1,115
MAMADROID,getDeviceId,86,115
MAMADROID,sendTextMessage,44,115
MAMADROID,inflate,13,115
MAMADROID,commit,9,115
MAMADROID,toString,9,115
MAMADROID,getSystemService,9,115
MAMADROID,equals,8,115
MAMADROID,getText,8,115
MAMADROID,getStringExtra,8,115
MAMADROID,add,7,115
MAMADROID,beginTransaction,7,115
MAMADROID,dispatchCreate,6,115
MAMADROID,attachActivity,6,115
MAMADROID,getLastNonConfigurationInstance,6,115
MAMADROID,recycle,6,115
MAMADROID,setFactory,6,115
MAMADROID,getFactory,6,115
MAMADROID,getLayoutInflater,6,115
MAMADROID,moveToState,6,115
MAMADROID,getLongitude,6,115
MAMADROID,requestLocationUpdates,6,115
MAMADROID,show,6,115
MAMADROID,setCallback,5,115
MAMADROID,addOp,5,115
MAMADROID,getBoolean,5,115
MAMADROID,getComponentName,5,115
MAMADROID,onWindowAttributesChanged,5,115
MAMADROID,getActivityInfo,5,115
MAMADROID,getUiOptionsFromMetadata,5,115
MAMADROID,onContentChanged,5,115
MAMADROID,requestWindowFeature,5,115
MAMADROID,getCallback,5,115
MAMADROID,onSupportContentChanged,5,115
MAMADROID,checkStateLoss,5,115
MAMADROID,size,5,115
MAMADROID,createWindowCallbackWrapper,5,115
MAMADROID,post,5,115
MAMADROID,removeCallbacks,5,115
MAMADROID,getWindow,5,115
MAMADROID,createDelegate,5,115
MAMADROID,getPackageManager,5,115
MAMADROID,commitInternal,5,115
MAMADROID,superSetContentView,5,115
MAMADROID,obtainStyledAttributes,5,115
MAMADROID,doAddOp,5,115
MAMADROID,enqueueAction,5,115
MAMADROID,getParentActivityName,5,115
MAMADROID,hasValue,5,115
MAMADROID,getLatitude,5,115
MAMADROID,setOnClickListener,5,115
MAMADROID,writeToParcel,4,115
MAMADROID,close,4,115
MAMADROID,contains,4,115
MAMADROID,next,4,115
MAMADROID,getString,4,115
MAMADROID,getInt,4,115
MAMADROID,getSimSerialNumber,4,115
MAMADROID,putString,4,115
MAMADROID,newInstance,4,115
MAMADROID,toCharArray,3,115
MAMADROID,performCreateOptionsMenu,3,115
MAMADROID,getActionBar,3,115
MAMADROID,getLoaderManager,3,115
MAMADROID,setIcon,3,115
MAMADROID,performResume,3,115
MAMADROID,dispatchStart,3,115
MAMADROID,addFragment,3,115
MAMADROID,addItem,3,115
MAMADROID,onCreateAnimation,3,115
MAMADROID,onDetachedFromWindow,3,115
MAMADROID,myLooper,3,115
MAMADROID,setAlphabeticShortcut,3,115
MAMADROID,getThemedContext,3,115
MAMADROID,saveAllState,3,115
MAMADROID,onResume,3,115
MAMADROID,onDetach,3,115
MAMADROID,writeTypedArray,3,115
MAMADROID,dispatchTouchEvent,3,115
MAMADROID,hasAddedItem,3,115
MAMADROID,putParcelable,3,115
MAMADROID,onPause,3,115
MAMADROID,removeMessages,3,115
MAMADROID,access$000,3,115
MAMADROID,dispatchFreezeSelfOnly,3,115
MAMADROID,setEnabled,3,115
MAMADROID,onActivityCreated,3,115
MAMADROID,valueOf,3,115
MAMADROID,readItem,3,115
MAMADROID,onViewCreated,3,115
MAMADROID,performCreate,3,115
MAMADROID,append,3,115
MAMADROID,parseMenu,3,115
MAMADROID,onAttachFragment,3,115
MAMADROID,onStart,3,115
MAMADROID,getResourceId,3,115
MAMADROID,dispatchActivityCreated,3,115
MAMADROID,onPanelClosed,3,115
MAMADROID,setTitleCondensed,3,115
MAMADROID,performCreateView,3,115
MAMADROID,getSupportActionBar,3,115
MAMADROID,getLayoutParams,3,115
MAMADROID,onPreparePanel,3,115
MAMADROID,wrap,3,115
MAMADROID,dispatchSaveInstanceState,3,115
MAMADROID,onMenuOpened,3,115
MAMADROID,performActivityCreated,3,115
MAMADROID,onResumeFragments,3,115
MAMADROID,executePendingTransactions,3,115
MAMADROID,makeInactive,3,115
MAMADROID,setShowAsAction,3,115
MAMADROID,getEventType,3,115
MAMADROID,popBackStackImmediate,3,115
MAMADROID,performDestroy,3,115
MAMADROID,noteStateNotSaved,3,115
MAMADROID,dispatchResume,3,115
MAMADROID,getClass,3,115
MAMADROID,performSaveInstanceState,3,115
MAMADROID,access$100,3,115
MAMADROID,onViewStateRestored,3,115
MAMADROID,execPendingActions,3,115
MAMADROID,doReallyStop,3,115
MAMADROID,performPendingDeferredStart,3,115
MAMADROID,put,3,115
MAMADROID,clear,3,115
MAMADROID,getResources,3,115
MAMADROID,dispatchStop,3,115
MAMADROID,addView,3,115
MAMADROID,restoreViewState,3,115
MAMADROID,onTitleChanged,3,115
MAMADROID,getLayout,3,115
MAMADROID,invalidateSupportFragment,3,115
MAMADROID,onPostResume,3,115
MAMADROID,performStart,3,115
MAMADROID,popBackStackState,3,115
MAMADROID,setLayoutParams,3,115
MAMADROID,performPause,3,115
MAMADROID,isEmpty,3,115
MAMADROID,toArray,3,115
MAMADROID,setItem,3,115
MAMADROID,getActionBarThemedContext,3,115
MAMADROID,onDestroy,3,115
MAMADROID,getShortcut,3,115
MAMADROID,writeIntArray,3,115
MAMADROID,createMenuWrapper,3,115
MAMADROID,dispatchPause,3,115
MAMADROID,set,3,115
MAMADROID,dispatchPrepareOptionsMenu,3,115
MAMADROID,performReallyStop,3,115
MAMADROID,superOnPreparePanel,3,115
MAMADROID,setChecked,3,115
MAMADROID,dispatchReallyStop,3,115
MAMADROID,dispatchTrackballEvent,3,115
MAMADROID,onWindowFocusChanged,3,115
MAMADROID,writeString,3,115
MAMADROID,removeView,3,115
MAMADROID,onKeyDown,3,115
MAMADROID,createSupportActionBar,3,115
MAMADROID,onDestroyView,3,115
MAMADROID,isVisible,3,115
MAMADROID,isFinishing,3,115
MAMADROID,onSaveInstanceState,3,115
MAMADROID,initState,3,115
MAMADROID,resetGroup,3,115
MAMADROID,loadAnimation,3,115
MAMADROID,hasMessages,3,115
MAMADROID,startPendingDeferredFragments,3,115
MAMADROID,onCreatePanelView,3,115
MAMADROID,finish,3,115
MAMADROID,dispatchKeyEvent,3,115
MAMADROID,hashCode,3,115
MAMADROID,wrappedSetVisible,3,115
MAMADROID,performPrepareOptionsMenu,3,115
MAMADROID,onAttach,3,115
MAMADROID,onCreatePanelMenu,3,115
MAMADROID,performStop,3,115
MAMADROID,dispatchDestroy,3,115
MAMADROID,setCheckable,3,115
MAMADROID,getContext,3,115
MAMADROID,makeActive,3,115
MAMADROID,saveFragmentBasicState,3,115
MAMADROID,onPrepareOptionsPanel,3,115
MAMADROID,bumpBackStackNesting,3,115
MAMADROID,writeInt,3,115
MAMADROID,dispatchCreateOptionsMenu,3,115
MAMADROID,saveFragmentViewState,3,115
MAMADROID,onBackPressed,3,115
MAMADROID,getMenuItemWrapper,3,115
MAMADROID,setVisible,3,115
MAMADROID,setIndex,3,115
MAMADROID,indexOf,3,115
MAMADROID,superOnCreatePanelMenu,3,115
MAMADROID,getName,3,115
MAMADROID,asAttributeSet,3,115
MAMADROID,findViewById,3,115
MAMADROID,createSupportMenuItemWrapper,3,115
MAMADROID,setNumericShortcut,3,115
MAMADROID,superOnPrepareOptionsPanel,3,115
MAMADROID,get,3,115
MAMADROID,getLooper,3,115
MAMADROID,saveHierarchyState,3,115
MAMADROID,onReallyStop,3,115
MAMADROID,onAttachedToWindow,3,115
MAMADROID,sendEmptyMessage,3,115
MAMADROID,writeBundle,3,115
MAMADROID,performDestroyView,3,115
MAMADROID,onStop,3,115
MAMADROID,edit,3,115
MAMADROID,getBytes,2,115
MAMADROID,getDefault,2,115
MAMADROID,handleMessage,2,115
MAMADROID,run,2,115
MAMADROID,hasNext,2,115
MAMADROID,getLastKnownLocation,2,115
MAMADROID,getTitleCondensed,2,115
MAMADROID,getItemId,2,115
MAMADROID,superOnMenuItemSelected,2,115
MAMADROID,createMenuItemWrapper,2,115
MAMADROID,onMenuItemSelected,2,115
MAMADROID,getExtras,2,115
MAMADROID,foo,2,115
MAMADROID,marshall,1,115
MAMADROID,writeValue,1,115
MAMADROID,unmarshall,1,115
MAMADROID,readValue,1,115
MAMADROID,createFromParcel,1,115
MAMADROID,setDataPosition,1,115
MAMADROID,read,1,115
MAMADROID,substring,1,115
MAMADROID,calculateIndex,1,115
MAMADROID,getHint,1,115
MAMADROID,onConfigurationChanged,1,115
MAMADROID,onCreate,1,115
MAMADROID,registerComponentCallbacks,1,115
MAMADROID,<init>,1,115
MAMADROID,queryIntentActivities,1,115
MAMADROID,startsWith,1,115
MAMADROID,iterator,1,115
MAMADROID,getBestProvider,1,115
MAMADROID,matcher,1,115
MAMADROID,println,1,115
MAMADROID,putExtra,1,115
MAMADROID,setAction,1,115
MAMADROID,getApplicationContext,1,115
MAMADROID,onServiceConnected,1,115
MAMADROID,getBinder,1,115
MAMADROID,makeText,1,115
MAMADROID,getSubscriberId,1,115
MAMADROID,onCreateView,1,115
MAMADROID,onArticleSelected,1,115
MAMADROID,addToBackStack,1,115
MAMADROID,setText,1,115
MAMADROID,findFragmentById,1,115
MAMADROID,onListItemClick,1,115
MAMADROID,replace,1,115
MAMADROID,setItemChecked,1,115
MAMADROID,putInt,1,115
MAMADROID,registerOnSharedPreferenceChangeListener,1,115
MAMADROID,printStackTrace,1,115
MAMADROID,getMethod,1,115
MAMADROID,invoke,1,115
MAMADROID,bar,1,115
MAMADROID,execute,1,115
NATIDROID,getActivityInfo,5,115
NATIDROID,edit,3,115
NATIDROID,queryIntentActivities,1,115
NATIDROID,commit,1,115
NATIDROID,registerOnSharedPreferenceChangeListener,1,115
