category,benchmark,tool,source_edge_count,static_edge_count,covered_count,missed_count,coverage,tool_output_present
Aliasing,Merge1,Androguard,66,7744,66,0,1.0,yes
Aliasing,Merge1,FlowDroid,66,26,10,56,0.151515,yes
Aliasing,Merge1,GATOR,66,9116,60,6,0.909091,yes
Aliasing,Merge1,MAMADROID,66,25,10,56,0.151515,yes
Aliasing,Merge1,NATIDROID,66,11607,60,6,0.909091,yes
AndroidSpecific,ApplicationModeling1,Androguard,7,8,7,0,1.0,yes
AndroidSpecific,ApplicationModeling1,FlowDroid,7,14,6,1,0.857143,yes
AndroidSpecific,ApplicationModeling1,GATOR,7,17,7,0,1.0,yes
AndroidSpecific,ApplicationModeling1,MAMADROID,7,12,6,1,0.857143,yes
AndroidSpecific,ApplicationModeling1,NATIDROID,7,2315,7,0,1.0,yes
AndroidSpecific,DirectLeak1,Androguard,7,2343,7,0,1.0,yes
AndroidSpecific,DirectLeak1,FlowDroid,7,10,5,2,0.714286,yes
AndroidSpecific,DirectLeak1,GATOR,7,2982,7,0,1.0,yes
AndroidSpecific,DirectLeak1,MAMADROID,7,9,5,2,0.714286,yes
AndroidSpecific,DirectLeak1,NATIDROID,7,5286,7,0,1.0,yes
AndroidSpecific,InactiveActivity,Androguard,0,2342,0,0,,yes
AndroidSpecific,InactiveActivity,FlowDroid,0,,,,,no
AndroidSpecific,InactiveActivity,GATOR,0,2980,0,0,,yes
AndroidSpecific,InactiveActivity,MAMADROID,0,,,,,no
AndroidSpecific,InactiveActivity,NATIDROID,0,5280,0,0,,yes
AndroidSpecific,Library2,Androguard,9,2730,9,0,1.0,yes
AndroidSpecific,Library2,FlowDroid,9,16,7,2,0.777778,yes
AndroidSpecific,Library2,GATOR,9,3482,9,0,1.0,yes
AndroidSpecific,Library2,MAMADROID,9,15,7,2,0.777778,yes
AndroidSpecific,Library2,NATIDROID,9,5756,9,0,1.0,yes
AndroidSpecific,LogNoLeak,Androguard,4,2340,4,0,1.0,yes
AndroidSpecific,LogNoLeak,FlowDroid,4,10,4,0,1.0,yes
AndroidSpecific,LogNoLeak,GATOR,4,2977,4,0,1.0,yes
AndroidSpecific,LogNoLeak,MAMADROID,4,9,4,0,1.0,yes
AndroidSpecific,LogNoLeak,NATIDROID,4,5224,4,0,1.0,yes
AndroidSpecific,Obfuscation1,Androguard,7,2728,7,0,1.0,yes
AndroidSpecific,Obfuscation1,FlowDroid,7,12,5,2,0.714286,yes
AndroidSpecific,Obfuscation1,GATOR,7,3480,7,0,1.0,yes
AndroidSpecific,Obfuscation1,MAMADROID,7,11,5,2,0.714286,yes
AndroidSpecific,Obfuscation1,NATIDROID,7,5701,7,0,1.0,yes
AndroidSpecific,Parcel1,Androguard,23,25,23,0,1.0,yes
AndroidSpecific,Parcel1,FlowDroid,23,19,10,13,0.434783,yes
AndroidSpecific,Parcel1,GATOR,23,44,23,0,1.0,yes
AndroidSpecific,Parcel1,MAMADROID,23,18,10,13,0.434783,yes
AndroidSpecific,Parcel1,NATIDROID,23,2330,23,0,1.0,yes
AndroidSpecific,PrivateDataLeak1,Androguard,20,2357,20,0,1.0,yes
AndroidSpecific,PrivateDataLeak1,FlowDroid,20,30,16,4,0.8,yes
AndroidSpecific,PrivateDataLeak1,GATOR,20,2998,20,0,1.0,yes
AndroidSpecific,PrivateDataLeak1,MAMADROID,20,27,16,4,0.8,yes
AndroidSpecific,PrivateDataLeak1,NATIDROID,20,5249,20,0,1.0,yes
AndroidSpecific,PrivateDataLeak2,Androguard,7,2343,7,0,1.0,yes
AndroidSpecific,PrivateDataLeak2,FlowDroid,7,10,5,2,0.714286,yes
AndroidSpecific,PrivateDataLeak2,GATOR,7,2978,6,1,0.857143,yes
AndroidSpecific,PrivateDataLeak2,MAMADROID,7,9,5,2,0.714286,yes
AndroidSpecific,PrivateDataLeak2,NATIDROID,7,5228,6,1,0.857143,yes
AndroidSpecific,PrivateDataLeak3,Androguard,17,2737,17,0,1.0,yes
AndroidSpecific,PrivateDataLeak3,FlowDroid,17,22,11,6,0.647059,yes
AndroidSpecific,PrivateDataLeak3,GATOR,17,3495,17,0,1.0,yes
AndroidSpecific,PrivateDataLeak3,MAMADROID,17,21,11,6,0.647059,yes
AndroidSpecific,PrivateDataLeak3,NATIDROID,17,5766,17,0,1.0,yes
AndroidSpecific,PublicAPIField1,Androguard,6,12,6,0,1.0,yes
AndroidSpecific,PublicAPIField1,FlowDroid,6,20,4,2,0.666667,yes
AndroidSpecific,PublicAPIField1,GATOR,6,25,6,0,1.0,yes
AndroidSpecific,PublicAPIField1,MAMADROID,6,17,4,2,0.666667,yes
AndroidSpecific,PublicAPIField1,NATIDROID,6,2321,6,0,1.0,yes
AndroidSpecific,PublicAPIField2,Androguard,9,9,9,0,1.0,yes
AndroidSpecific,PublicAPIField2,FlowDroid,9,14,8,1,0.888889,yes
AndroidSpecific,PublicAPIField2,GATOR,9,19,9,0,1.0,yes
AndroidSpecific,PublicAPIField2,MAMADROID,9,13,8,1,0.888889,yes
AndroidSpecific,PublicAPIField2,NATIDROID,9,2316,9,0,1.0,yes
ArraysAndLists,ArrayAccess1,Androguard,7,2343,7,0,1.0,yes
ArraysAndLists,ArrayAccess1,FlowDroid,7,11,5,2,0.714286,yes
ArraysAndLists,ArrayAccess1,GATOR,7,2983,7,0,1.0,yes
ArraysAndLists,ArrayAccess1,MAMADROID,7,10,5,2,0.714286,yes
ArraysAndLists,ArrayAccess1,NATIDROID,7,5287,7,0,1.0,yes
ArraysAndLists,ArrayAccess2,Androguard,8,2344,8,0,1.0,yes
ArraysAndLists,ArrayAccess2,FlowDroid,8,11,5,3,0.625,yes
ArraysAndLists,ArrayAccess2,GATOR,8,2984,8,0,1.0,yes
ArraysAndLists,ArrayAccess2,MAMADROID,8,10,5,3,0.625,yes
ArraysAndLists,ArrayAccess2,NATIDROID,8,5288,8,0,1.0,yes
ArraysAndLists,ArrayCopy1,Androguard,7,7,7,0,1.0,yes
ArraysAndLists,ArrayCopy1,FlowDroid,7,12,6,1,0.857143,yes
ArraysAndLists,ArrayCopy1,GATOR,7,16,7,0,1.0,yes
ArraysAndLists,ArrayCopy1,MAMADROID,7,11,6,1,0.857143,yes
ArraysAndLists,ArrayCopy1,NATIDROID,7,2315,7,0,1.0,yes
ArraysAndLists,ArrayToString1,Androguard,7,7,7,0,1.0,yes
ArraysAndLists,ArrayToString1,FlowDroid,7,12,6,1,0.857143,yes
ArraysAndLists,ArrayToString1,GATOR,7,17,7,0,1.0,yes
ArraysAndLists,ArrayToString1,MAMADROID,7,11,6,1,0.857143,yes
ArraysAndLists,ArrayToString1,NATIDROID,7,2315,7,0,1.0,yes
ArraysAndLists,HashMapAccess1,Androguard,10,2729,10,0,1.0,yes
ArraysAndLists,HashMapAccess1,FlowDroid,10,13,8,2,0.8,yes
ArraysAndLists,HashMapAccess1,GATOR,10,3480,10,0,1.0,yes
ArraysAndLists,HashMapAccess1,MAMADROID,10,12,8,2,0.8,yes
ArraysAndLists,HashMapAccess1,NATIDROID,10,5755,10,0,1.0,yes
ArraysAndLists,ListAccess1,Androguard,10,2346,10,0,1.0,yes
ArraysAndLists,ListAccess1,FlowDroid,10,13,8,2,0.8,yes
ArraysAndLists,ListAccess1,GATOR,10,2984,10,0,1.0,yes
ArraysAndLists,ListAccess1,MAMADROID,10,12,8,2,0.8,yes
ArraysAndLists,ListAccess1,NATIDROID,10,5288,10,0,1.0,yes
ArraysAndLists,MultidimensionalArray1,Androguard,7,7,7,0,1.0,yes
ArraysAndLists,MultidimensionalArray1,FlowDroid,7,11,6,1,0.857143,yes
ArraysAndLists,MultidimensionalArray1,GATOR,7,16,7,0,1.0,yes
ArraysAndLists,MultidimensionalArray1,MAMADROID,7,10,6,1,0.857143,yes
ArraysAndLists,MultidimensionalArray1,NATIDROID,7,2314,7,0,1.0,yes
Callbacks,AnonymousClass1,Androguard,17,2352,17,0,1.0,yes
Callbacks,AnonymousClass1,FlowDroid,17,28,13,4,0.764706,yes
Callbacks,AnonymousClass1,GATOR,17,2996,17,0,1.0,yes
Callbacks,AnonymousClass1,MAMADROID,17,25,13,4,0.764706,yes
Callbacks,AnonymousClass1,NATIDROID,17,5330,17,0,1.0,yes
Callbacks,Button1,Androguard,9,2345,9,0,1.0,yes
Callbacks,Button1,FlowDroid,9,15,6,3,0.666667,yes
Callbacks,Button1,GATOR,9,2987,9,0,1.0,yes
Callbacks,Button1,MAMADROID,9,14,6,3,0.666667,yes
Callbacks,Button1,NATIDROID,9,5297,9,0,1.0,yes
Callbacks,Button2,Androguard,20,2356,20,0,1.0,yes
Callbacks,Button2,FlowDroid,20,29,17,3,0.85,yes
Callbacks,Button2,GATOR,20,2996,20,0,1.0,yes
Callbacks,Button2,MAMADROID,20,26,17,3,0.85,yes
Callbacks,Button2,NATIDROID,20,5298,20,0,1.0,yes
Callbacks,Button3,Androguard,15,2734,15,0,1.0,yes
Callbacks,Button3,FlowDroid,15,19,10,5,0.666667,yes
Callbacks,Button3,GATOR,15,3486,15,0,1.0,yes
Callbacks,Button3,MAMADROID,15,18,10,5,0.666667,yes
Callbacks,Button3,NATIDROID,15,5759,15,0,1.0,yes
Callbacks,Button4,Androguard,9,2345,9,0,1.0,yes
Callbacks,Button4,FlowDroid,9,15,6,3,0.666667,yes
Callbacks,Button4,GATOR,9,2987,9,0,1.0,yes
Callbacks,Button4,MAMADROID,9,14,6,3,0.666667,yes
Callbacks,Button4,NATIDROID,9,5297,9,0,1.0,yes
Callbacks,Button5,Androguard,7,2345,7,0,1.0,yes
Callbacks,Button5,FlowDroid,7,14,4,3,0.571429,yes
Callbacks,Button5,GATOR,7,2988,7,0,1.0,yes
Callbacks,Button5,MAMADROID,7,13,4,3,0.571429,yes
Callbacks,Button5,NATIDROID,7,5443,7,0,1.0,yes
Callbacks,LocationLeak1,Androguard,19,2354,19,0,1.0,yes
Callbacks,LocationLeak1,FlowDroid,19,27,15,4,0.789474,yes
Callbacks,LocationLeak1,GATOR,19,2993,19,0,1.0,yes
Callbacks,LocationLeak1,MAMADROID,19,25,15,4,0.789474,yes
Callbacks,LocationLeak1,NATIDROID,19,5328,19,0,1.0,yes
Callbacks,LocationLeak2,Androguard,16,2351,16,0,1.0,yes
Callbacks,LocationLeak2,FlowDroid,16,24,12,4,0.75,yes
Callbacks,LocationLeak2,GATOR,16,2991,16,0,1.0,yes
Callbacks,LocationLeak2,MAMADROID,16,22,12,4,0.75,yes
Callbacks,LocationLeak2,NATIDROID,16,5326,16,0,1.0,yes
Callbacks,LocationLeak3,Androguard,17,2735,17,0,1.0,yes
Callbacks,LocationLeak3,FlowDroid,17,25,14,3,0.823529,yes
Callbacks,LocationLeak3,GATOR,17,3485,17,0,1.0,yes
Callbacks,LocationLeak3,MAMADROID,17,22,14,3,0.823529,yes
Callbacks,LocationLeak3,NATIDROID,17,5785,17,0,1.0,yes
Callbacks,MethodOverride1,Androguard,5,2343,5,0,1.0,yes
Callbacks,MethodOverride1,FlowDroid,5,12,4,1,0.8,yes
Callbacks,MethodOverride1,GATOR,5,2981,5,0,1.0,yes
Callbacks,MethodOverride1,MAMADROID,5,11,4,1,0.8,yes
Callbacks,MethodOverride1,NATIDROID,5,5281,5,0,1.0,yes
Callbacks,MultiHandlers1,Androguard,12,2736,12,0,1.0,yes
Callbacks,MultiHandlers1,FlowDroid,12,34,11,1,0.916667,yes
Callbacks,MultiHandlers1,GATOR,12,3487,12,0,1.0,yes
Callbacks,MultiHandlers1,MAMADROID,12,30,11,1,0.916667,yes
Callbacks,MultiHandlers1,NATIDROID,12,5787,12,0,1.0,yes
Callbacks,Ordering1,Androguard,13,2735,13,0,1.0,yes
Callbacks,Ordering1,FlowDroid,13,25,11,2,0.846154,yes
Callbacks,Ordering1,GATOR,13,3487,13,0,1.0,yes
Callbacks,Ordering1,MAMADROID,13,23,11,2,0.846154,yes
Callbacks,Ordering1,NATIDROID,13,5786,13,0,1.0,yes
Callbacks,RegisterGlobal1,Androguard,19,2741,19,0,1.0,yes
Callbacks,RegisterGlobal1,FlowDroid,19,47,16,3,0.842105,yes
Callbacks,RegisterGlobal1,GATOR,19,3498,19,0,1.0,yes
Callbacks,RegisterGlobal1,MAMADROID,19,45,16,3,0.842105,yes
Callbacks,RegisterGlobal1,NATIDROID,19,5768,19,0,1.0,yes
Callbacks,RegisterGlobal2,Androguard,5,2731,5,0,1.0,yes
Callbacks,RegisterGlobal2,FlowDroid,5,23,4,1,0.8,yes
Callbacks,RegisterGlobal2,GATOR,5,3487,5,0,1.0,yes
Callbacks,RegisterGlobal2,MAMADROID,5,,,,,no
Callbacks,RegisterGlobal2,NATIDROID,5,5758,5,0,1.0,yes
Callbacks,Unregister1,Androguard,8,2734,8,0,1.0,yes
Callbacks,Unregister1,FlowDroid,8,23,6,2,0.75,yes
Callbacks,Unregister1,GATOR,8,3486,8,0,1.0,yes
Callbacks,Unregister1,MAMADROID,8,20,6,2,0.75,yes
Callbacks,Unregister1,NATIDROID,8,5759,8,0,1.0,yes
EmulatorDetection,ContentProvider1,Androguard,5,7744,5,0,1.0,yes
EmulatorDetection,ContentProvider1,FlowDroid,5,32,3,2,0.6,yes
EmulatorDetection,ContentProvider1,GATOR,5,9115,5,0,1.0,yes
EmulatorDetection,ContentProvider1,MAMADROID,5,30,3,2,0.6,yes
EmulatorDetection,ContentProvider1,NATIDROID,5,11607,5,0,1.0,yes
EmulatorDetection,IMEI1,Androguard,10,7741,10,0,1.0,yes
EmulatorDetection,IMEI1,FlowDroid,10,24,9,1,0.9,yes
EmulatorDetection,IMEI1,GATOR,10,9112,10,0,1.0,yes
EmulatorDetection,IMEI1,MAMADROID,10,20,8,2,0.8,yes
EmulatorDetection,IMEI1,NATIDROID,10,11605,10,0,1.0,yes
EmulatorDetection,PlayStore1,Androguard,308,7750,308,0,1.0,yes
EmulatorDetection,PlayStore1,FlowDroid,308,24,8,300,0.025974,yes
EmulatorDetection,PlayStore1,GATOR,308,9062,296,12,0.961039,yes
EmulatorDetection,PlayStore1,MAMADROID,308,23,8,300,0.025974,yes
EmulatorDetection,PlayStore1,NATIDROID,308,11340,296,12,0.961039,yes
FieldAndObjectSensitivity,FieldSensitivity1,Androguard,13,2349,13,0,1.0,yes
FieldAndObjectSensitivity,FieldSensitivity1,FlowDroid,13,18,11,2,0.846154,yes
FieldAndObjectSensitivity,FieldSensitivity1,GATOR,13,2988,13,0,1.0,yes
FieldAndObjectSensitivity,FieldSensitivity1,MAMADROID,13,17,11,2,0.846154,yes
FieldAndObjectSensitivity,FieldSensitivity1,NATIDROID,13,5292,13,0,1.0,yes
FieldAndObjectSensitivity,FieldSensitivity2,Androguard,11,2347,11,0,1.0,yes
FieldAndObjectSensitivity,FieldSensitivity2,FlowDroid,11,16,9,2,0.818182,yes
FieldAndObjectSensitivity,FieldSensitivity2,GATOR,11,2985,11,0,1.0,yes
FieldAndObjectSensitivity,FieldSensitivity2,MAMADROID,11,15,9,2,0.818182,yes
FieldAndObjectSensitivity,FieldSensitivity2,NATIDROID,11,5289,11,0,1.0,yes
FieldAndObjectSensitivity,FieldSensitivity3,Androguard,11,2347,11,0,1.0,yes
FieldAndObjectSensitivity,FieldSensitivity3,FlowDroid,11,16,9,2,0.818182,yes
FieldAndObjectSensitivity,FieldSensitivity3,GATOR,11,2985,11,0,1.0,yes
FieldAndObjectSensitivity,FieldSensitivity3,MAMADROID,11,15,9,2,0.818182,yes
FieldAndObjectSensitivity,FieldSensitivity3,NATIDROID,11,5289,11,0,1.0,yes
FieldAndObjectSensitivity,FieldSensitivity4,Androguard,8,2344,8,0,1.0,yes
FieldAndObjectSensitivity,FieldSensitivity4,FlowDroid,8,13,6,2,0.75,yes
FieldAndObjectSensitivity,FieldSensitivity4,GATOR,8,2982,8,0,1.0,yes
FieldAndObjectSensitivity,FieldSensitivity4,MAMADROID,8,12,6,2,0.75,yes
FieldAndObjectSensitivity,FieldSensitivity4,NATIDROID,8,5286,8,0,1.0,yes
FieldAndObjectSensitivity,InheritedObjects1,Androguard,9,2345,9,0,1.0,yes
FieldAndObjectSensitivity,InheritedObjects1,FlowDroid,9,14,7,2,0.777778,yes
FieldAndObjectSensitivity,InheritedObjects1,GATOR,9,2983,9,0,1.0,yes
FieldAndObjectSensitivity,InheritedObjects1,MAMADROID,9,13,7,2,0.777778,yes
FieldAndObjectSensitivity,InheritedObjects1,NATIDROID,9,5287,9,0,1.0,yes
FieldAndObjectSensitivity,ObjectSensitivity1,Androguard,10,2346,10,0,1.0,yes
FieldAndObjectSensitivity,ObjectSensitivity1,FlowDroid,10,13,8,2,0.8,yes
FieldAndObjectSensitivity,ObjectSensitivity1,GATOR,10,2984,10,0,1.0,yes
FieldAndObjectSensitivity,ObjectSensitivity1,MAMADROID,10,12,8,2,0.8,yes
FieldAndObjectSensitivity,ObjectSensitivity1,NATIDROID,10,5288,10,0,1.0,yes
FieldAndObjectSensitivity,ObjectSensitivity2,Androguard,8,2344,8,0,1.0,yes
FieldAndObjectSensitivity,ObjectSensitivity2,FlowDroid,8,13,6,2,0.75,yes
FieldAndObjectSensitivity,ObjectSensitivity2,GATOR,8,2982,8,0,1.0,yes
FieldAndObjectSensitivity,ObjectSensitivity2,MAMADROID,8,12,6,2,0.75,yes
FieldAndObjectSensitivity,ObjectSensitivity2,NATIDROID,8,5286,8,0,1.0,yes
GeneralJava,Clone1,Androguard,10,10,10,0,1.0,yes
GeneralJava,Clone1,FlowDroid,10,14,9,1,0.9,yes
GeneralJava,Clone1,GATOR,10,20,10,0,1.0,yes
GeneralJava,Clone1,MAMADROID,10,13,9,1,0.9,yes
GeneralJava,Clone1,NATIDROID,10,2316,10,0,1.0,yes
GeneralJava,Exceptions1,Androguard,7,2727,7,0,1.0,yes
GeneralJava,Exceptions1,FlowDroid,7,13,5,2,0.714286,yes
GeneralJava,Exceptions1,GATOR,7,3478,7,0,1.0,yes
GeneralJava,Exceptions1,MAMADROID,7,12,5,2,0.714286,yes
GeneralJava,Exceptions1,NATIDROID,7,5753,7,0,1.0,yes
GeneralJava,Exceptions2,Androguard,7,2727,7,0,1.0,yes
GeneralJava,Exceptions2,FlowDroid,7,11,5,2,0.714286,yes
GeneralJava,Exceptions2,GATOR,7,3479,7,0,1.0,yes
GeneralJava,Exceptions2,MAMADROID,7,10,5,2,0.714286,yes
GeneralJava,Exceptions2,NATIDROID,7,5754,7,0,1.0,yes
GeneralJava,Exceptions3,Androguard,7,2726,7,0,1.0,yes
GeneralJava,Exceptions3,FlowDroid,7,10,5,2,0.714286,yes
GeneralJava,Exceptions3,GATOR,7,3478,7,0,1.0,yes
GeneralJava,Exceptions3,MAMADROID,7,9,5,2,0.714286,yes
GeneralJava,Exceptions3,NATIDROID,7,5753,7,0,1.0,yes
GeneralJava,Exceptions4,Androguard,8,2728,8,0,1.0,yes
GeneralJava,Exceptions4,FlowDroid,8,15,6,2,0.75,yes
GeneralJava,Exceptions4,GATOR,8,3479,8,0,1.0,yes
GeneralJava,Exceptions4,MAMADROID,8,14,6,2,0.75,yes
GeneralJava,Exceptions4,NATIDROID,8,5754,8,0,1.0,yes
GeneralJava,FactoryMethods1,Androguard,13,2732,13,0,1.0,yes
GeneralJava,FactoryMethods1,FlowDroid,13,19,9,4,0.692308,yes
GeneralJava,FactoryMethods1,GATOR,13,3486,13,0,1.0,yes
GeneralJava,FactoryMethods1,MAMADROID,13,14,9,4,0.692308,yes
GeneralJava,FactoryMethods1,NATIDROID,13,5784,13,0,1.0,yes
GeneralJava,Loop1,Androguard,6,2348,6,0,1.0,yes
GeneralJava,Loop1,FlowDroid,6,20,4,2,0.666667,yes
GeneralJava,Loop1,GATOR,6,2988,6,0,1.0,yes
GeneralJava,Loop1,MAMADROID,6,17,4,2,0.666667,yes
GeneralJava,Loop1,NATIDROID,6,5292,6,0,1.0,yes
GeneralJava,Loop2,Androguard,6,2348,6,0,1.0,yes
GeneralJava,Loop2,FlowDroid,6,20,4,2,0.666667,yes
GeneralJava,Loop2,GATOR,6,2988,6,0,1.0,yes
GeneralJava,Loop2,MAMADROID,6,17,4,2,0.666667,yes
GeneralJava,Loop2,NATIDROID,6,5292,6,0,1.0,yes
GeneralJava,Serialization1,Androguard,12,12,12,0,1.0,yes
GeneralJava,Serialization1,FlowDroid,12,18,11,1,0.916667,yes
GeneralJava,Serialization1,GATOR,12,23,12,0,1.0,yes
GeneralJava,Serialization1,MAMADROID,12,17,11,1,0.916667,yes
GeneralJava,Serialization1,NATIDROID,12,2318,12,0,1.0,yes
GeneralJava,SourceCodeSpecific1,Androguard,13,2349,13,0,1.0,yes
GeneralJava,SourceCodeSpecific1,FlowDroid,13,14,9,4,0.692308,yes
GeneralJava,SourceCodeSpecific1,GATOR,13,2989,13,0,1.0,yes
GeneralJava,SourceCodeSpecific1,MAMADROID,13,13,9,4,0.692308,yes
GeneralJava,SourceCodeSpecific1,NATIDROID,13,5293,13,0,1.0,yes
GeneralJava,StartProcessWithSecret1,Androguard,8,8,8,0,1.0,yes
GeneralJava,StartProcessWithSecret1,FlowDroid,8,13,7,1,0.875,yes
GeneralJava,StartProcessWithSecret1,GATOR,8,17,8,0,1.0,yes
GeneralJava,StartProcessWithSecret1,MAMADROID,8,12,7,1,0.875,yes
GeneralJava,StartProcessWithSecret1,NATIDROID,8,2307,8,0,1.0,yes
GeneralJava,StaticInitialization1,Androguard,7,2344,7,0,1.0,yes
GeneralJava,StaticInitialization1,FlowDroid,7,15,5,2,0.714286,yes
GeneralJava,StaticInitialization1,GATOR,7,2983,7,0,1.0,yes
GeneralJava,StaticInitialization1,MAMADROID,7,14,5,2,0.714286,yes
GeneralJava,StaticInitialization1,NATIDROID,7,5287,7,0,1.0,yes
GeneralJava,StaticInitialization2,Androguard,8,2344,8,0,1.0,yes
GeneralJava,StaticInitialization2,FlowDroid,8,15,6,2,0.75,yes
GeneralJava,StaticInitialization2,GATOR,8,2983,8,0,1.0,yes
GeneralJava,StaticInitialization2,MAMADROID,8,14,6,2,0.75,yes
GeneralJava,StaticInitialization2,NATIDROID,8,5287,8,0,1.0,yes
GeneralJava,StaticInitialization3,Androguard,7,7,7,0,1.0,yes
GeneralJava,StaticInitialization3,FlowDroid,7,15,6,1,0.857143,yes
GeneralJava,StaticInitialization3,GATOR,7,16,7,0,1.0,yes
GeneralJava,StaticInitialization3,MAMADROID,7,14,6,1,0.857143,yes
GeneralJava,StaticInitialization3,NATIDROID,7,2314,7,0,1.0,yes
GeneralJava,StringFormatter1,Androguard,10,10,10,0,1.0,yes
GeneralJava,StringFormatter1,FlowDroid,10,17,9,1,0.9,yes
GeneralJava,StringFormatter1,GATOR,10,20,10,0,1.0,yes
GeneralJava,StringFormatter1,MAMADROID,10,16,9,1,0.9,yes
GeneralJava,StringFormatter1,NATIDROID,10,2316,10,0,1.0,yes
GeneralJava,StringPatternMatching1,Androguard,7,10,7,0,1.0,yes
GeneralJava,StringPatternMatching1,FlowDroid,7,11,5,2,0.714286,yes
GeneralJava,StringPatternMatching1,GATOR,7,22,7,0,1.0,yes
GeneralJava,StringPatternMatching1,MAMADROID,7,10,5,2,0.714286,yes
GeneralJava,StringPatternMatching1,NATIDROID,7,2317,7,0,1.0,yes
GeneralJava,StringToCharArray1,Androguard,6,12,6,0,1.0,yes
GeneralJava,StringToCharArray1,FlowDroid,6,24,5,1,0.833333,yes
GeneralJava,StringToCharArray1,GATOR,6,25,6,0,1.0,yes
GeneralJava,StringToCharArray1,MAMADROID,6,21,5,1,0.833333,yes
GeneralJava,StringToCharArray1,NATIDROID,6,2320,6,0,1.0,yes
GeneralJava,StringToOutputStream1,Androguard,6,10,6,0,1.0,yes
GeneralJava,StringToOutputStream1,FlowDroid,6,13,4,2,0.666667,yes
GeneralJava,StringToOutputStream1,GATOR,6,20,6,0,1.0,yes
GeneralJava,StringToOutputStream1,MAMADROID,6,12,4,2,0.666667,yes
GeneralJava,StringToOutputStream1,NATIDROID,6,2317,6,0,1.0,yes
GeneralJava,UnreachableCode,Androguard,3,2343,3,0,1.0,yes
GeneralJava,UnreachableCode,FlowDroid,3,8,3,0,1.0,yes
GeneralJava,UnreachableCode,GATOR,3,2982,3,0,1.0,yes
GeneralJava,UnreachableCode,MAMADROID,3,7,3,0,1.0,yes
GeneralJava,UnreachableCode,NATIDROID,3,5281,3,0,1.0,yes
GeneralJava,VirtualDispatch1,Androguard,9,2345,9,0,1.0,yes
GeneralJava,VirtualDispatch1,FlowDroid,9,16,8,1,0.888889,yes
GeneralJava,VirtualDispatch1,GATOR,9,2983,9,0,1.0,yes
GeneralJava,VirtualDispatch1,MAMADROID,9,15,8,1,0.888889,yes
GeneralJava,VirtualDispatch1,NATIDROID,9,5283,9,0,1.0,yes
GeneralJava,VirtualDispatch2,Androguard,10,11,10,0,1.0,yes
GeneralJava,VirtualDispatch2,FlowDroid,10,16,8,2,0.8,yes
GeneralJava,VirtualDispatch2,GATOR,10,20,10,0,1.0,yes
GeneralJava,VirtualDispatch2,MAMADROID,10,15,8,2,0.8,yes
GeneralJava,VirtualDispatch2,NATIDROID,10,2322,10,0,1.0,yes
GeneralJava,VirtualDispatch3,Androguard,65,7748,65,0,1.0,yes
GeneralJava,VirtualDispatch3,FlowDroid,65,30,10,55,0.153846,yes
GeneralJava,VirtualDispatch3,GATOR,65,9120,59,6,0.907692,yes
GeneralJava,VirtualDispatch3,MAMADROID,65,29,10,55,0.153846,yes
GeneralJava,VirtualDispatch3,NATIDROID,65,11612,59,6,0.907692,yes
GeneralJava,VirtualDispatch4,Androguard,317,7748,317,0,1.0,yes
GeneralJava,VirtualDispatch4,FlowDroid,317,28,12,305,0.037855,yes
GeneralJava,VirtualDispatch4,GATOR,317,9120,306,11,0.9653,yes
GeneralJava,VirtualDispatch4,MAMADROID,317,27,12,305,0.037855,yes
GeneralJava,VirtualDispatch4,NATIDROID,317,11612,306,11,0.9653,yes
ImplicitFlows,ImplicitFlow1,Androguard,7,2355,7,0,1.0,yes
ImplicitFlows,ImplicitFlow1,FlowDroid,7,29,6,1,0.857143,yes
ImplicitFlows,ImplicitFlow1,GATOR,7,2996,7,0,1.0,yes
ImplicitFlows,ImplicitFlow1,MAMADROID,7,25,6,1,0.857143,yes
ImplicitFlows,ImplicitFlow1,NATIDROID,7,5296,7,0,1.0,yes
ImplicitFlows,ImplicitFlow2,Androguard,3,2344,3,0,1.0,yes
ImplicitFlows,ImplicitFlow2,FlowDroid,3,11,3,0,1.0,yes
ImplicitFlows,ImplicitFlow2,GATOR,3,2980,3,0,1.0,yes
ImplicitFlows,ImplicitFlow2,MAMADROID,3,10,3,0,1.0,yes
ImplicitFlows,ImplicitFlow2,NATIDROID,3,5229,3,0,1.0,yes
ImplicitFlows,ImplicitFlow3,Androguard,15,2351,15,0,1.0,yes
ImplicitFlows,ImplicitFlow3,FlowDroid,15,20,12,3,0.8,yes
ImplicitFlows,ImplicitFlow3,GATOR,15,2986,14,1,0.933333,yes
ImplicitFlows,ImplicitFlow3,MAMADROID,15,19,12,3,0.8,yes
ImplicitFlows,ImplicitFlow3,NATIDROID,15,5235,14,1,0.933333,yes
ImplicitFlows,ImplicitFlow4,Androguard,10,2346,10,0,1.0,yes
ImplicitFlows,ImplicitFlow4,FlowDroid,10,15,7,3,0.7,yes
ImplicitFlows,ImplicitFlow4,GATOR,10,2982,9,1,0.9,yes
ImplicitFlows,ImplicitFlow4,MAMADROID,10,14,7,3,0.7,yes
ImplicitFlows,ImplicitFlow4,NATIDROID,10,5231,9,1,0.9,yes
InterAppCommunication,SendSMS,Androguard,18,3986,18,0,1.0,yes
InterAppCommunication,SendSMS,FlowDroid,18,36,15,3,0.833333,yes
InterAppCommunication,SendSMS,GATOR,18,4973,18,0,1.0,yes
InterAppCommunication,SendSMS,MAMADROID,18,33,15,3,0.833333,yes
InterAppCommunication,SendSMS,NATIDROID,18,7186,18,0,1.0,yes
InterAppCommunication,StartActivityForResult1,Androguard,21,3991,21,0,1.0,yes
InterAppCommunication,StartActivityForResult1,FlowDroid,21,40,17,4,0.809524,yes
InterAppCommunication,StartActivityForResult1,GATOR,21,4982,21,0,1.0,yes
InterAppCommunication,StartActivityForResult1,MAMADROID,21,37,17,4,0.809524,yes
InterAppCommunication,StartActivityForResult1,NATIDROID,21,7204,21,0,1.0,yes
InterComponentCommunication,ActivityCommunication1,Androguard,7,2343,7,0,1.0,yes
InterComponentCommunication,ActivityCommunication1,FlowDroid,7,16,5,2,0.714286,yes
InterComponentCommunication,ActivityCommunication1,GATOR,7,2983,7,0,1.0,yes
InterComponentCommunication,ActivityCommunication1,MAMADROID,7,14,5,2,0.714286,yes
InterComponentCommunication,ActivityCommunication1,NATIDROID,7,5287,7,0,1.0,yes
InterComponentCommunication,ActivityCommunication2,Androguard,12,4342,12,0,1.0,yes
InterComponentCommunication,ActivityCommunication2,FlowDroid,12,30,10,2,0.833333,yes
InterComponentCommunication,ActivityCommunication2,GATOR,12,5428,12,0,1.0,yes
InterComponentCommunication,ActivityCommunication2,MAMADROID,12,26,10,2,0.833333,yes
InterComponentCommunication,ActivityCommunication2,NATIDROID,12,7941,12,0,1.0,yes
InterComponentCommunication,ActivityCommunication3,Androguard,14,4344,14,0,1.0,yes
InterComponentCommunication,ActivityCommunication3,FlowDroid,14,32,12,2,0.857143,yes
InterComponentCommunication,ActivityCommunication3,GATOR,14,5430,14,0,1.0,yes
InterComponentCommunication,ActivityCommunication3,MAMADROID,14,28,12,2,0.857143,yes
InterComponentCommunication,ActivityCommunication3,NATIDROID,14,7943,14,0,1.0,yes
InterComponentCommunication,ActivityCommunication4,Androguard,11,4341,11,0,1.0,yes
InterComponentCommunication,ActivityCommunication4,FlowDroid,11,26,9,2,0.818182,yes
InterComponentCommunication,ActivityCommunication4,GATOR,11,5427,11,0,1.0,yes
InterComponentCommunication,ActivityCommunication4,MAMADROID,11,22,9,2,0.818182,yes
InterComponentCommunication,ActivityCommunication4,NATIDROID,11,7940,11,0,1.0,yes
InterComponentCommunication,ActivityCommunication5,Androguard,12,4342,12,0,1.0,yes
InterComponentCommunication,ActivityCommunication5,FlowDroid,12,27,10,2,0.833333,yes
InterComponentCommunication,ActivityCommunication5,GATOR,12,5428,12,0,1.0,yes
InterComponentCommunication,ActivityCommunication5,MAMADROID,12,23,10,2,0.833333,yes
InterComponentCommunication,ActivityCommunication5,NATIDROID,12,7941,12,0,1.0,yes
InterComponentCommunication,ActivityCommunication6,Androguard,13,4343,13,0,1.0,yes
InterComponentCommunication,ActivityCommunication6,FlowDroid,13,28,11,2,0.846154,yes
InterComponentCommunication,ActivityCommunication6,GATOR,13,5429,13,0,1.0,yes
InterComponentCommunication,ActivityCommunication6,MAMADROID,13,24,11,2,0.846154,yes
InterComponentCommunication,ActivityCommunication6,NATIDROID,13,7942,13,0,1.0,yes
InterComponentCommunication,ActivityCommunication7,Androguard,12,4342,12,0,1.0,yes
InterComponentCommunication,ActivityCommunication7,FlowDroid,12,27,10,2,0.833333,yes
InterComponentCommunication,ActivityCommunication7,GATOR,12,5428,12,0,1.0,yes
InterComponentCommunication,ActivityCommunication7,MAMADROID,12,23,10,2,0.833333,yes
InterComponentCommunication,ActivityCommunication7,NATIDROID,12,7941,12,0,1.0,yes
InterComponentCommunication,ActivityCommunication8,Androguard,13,4343,13,0,1.0,yes
InterComponentCommunication,ActivityCommunication8,FlowDroid,13,28,11,2,0.846154,yes
InterComponentCommunication,ActivityCommunication8,GATOR,13,5429,13,0,1.0,yes
InterComponentCommunication,ActivityCommunication8,MAMADROID,13,24,11,2,0.846154,yes
InterComponentCommunication,ActivityCommunication8,NATIDROID,13,7942,13,0,1.0,yes
InterComponentCommunication,BroadcastTaintAndLeak1,Androguard,4,12,4,0,1.0,yes
InterComponentCommunication,BroadcastTaintAndLeak1,FlowDroid,4,23,4,0,1.0,yes
InterComponentCommunication,BroadcastTaintAndLeak1,GATOR,4,25,4,0,1.0,yes
InterComponentCommunication,BroadcastTaintAndLeak1,MAMADROID,4,23,4,0,1.0,yes
InterComponentCommunication,BroadcastTaintAndLeak1,NATIDROID,4,1987,4,0,1.0,yes
InterComponentCommunication,ComponentNotInManifest1,Androguard,8,4342,8,0,1.0,yes
InterComponentCommunication,ComponentNotInManifest1,FlowDroid,8,21,7,1,0.875,yes
InterComponentCommunication,ComponentNotInManifest1,GATOR,8,5429,8,0,1.0,yes
InterComponentCommunication,ComponentNotInManifest1,MAMADROID,8,18,7,1,0.875,yes
InterComponentCommunication,ComponentNotInManifest1,NATIDROID,8,7941,8,0,1.0,yes
InterComponentCommunication,EventOrdering1,Androguard,15,4347,15,0,1.0,yes
InterComponentCommunication,EventOrdering1,FlowDroid,15,28,10,5,0.666667,yes
InterComponentCommunication,EventOrdering1,GATOR,15,5430,11,4,0.733333,yes
InterComponentCommunication,EventOrdering1,MAMADROID,15,24,10,5,0.666667,yes
InterComponentCommunication,EventOrdering1,NATIDROID,15,7942,11,4,0.733333,yes
InterComponentCommunication,IntentSink1,Androguard,9,2345,9,0,1.0,yes
InterComponentCommunication,IntentSink1,FlowDroid,9,14,7,2,0.777778,yes
InterComponentCommunication,IntentSink1,GATOR,9,2983,9,0,1.0,yes
InterComponentCommunication,IntentSink1,MAMADROID,9,11,7,2,0.777778,yes
InterComponentCommunication,IntentSink1,NATIDROID,9,5332,9,0,1.0,yes
InterComponentCommunication,IntentSink2,Androguard,12,2348,12,0,1.0,yes
InterComponentCommunication,IntentSink2,FlowDroid,12,16,9,3,0.75,yes
InterComponentCommunication,IntentSink2,GATOR,12,2985,11,1,0.916667,yes
InterComponentCommunication,IntentSink2,MAMADROID,12,15,9,3,0.75,yes
InterComponentCommunication,IntentSink2,NATIDROID,12,5288,11,1,0.916667,yes
InterComponentCommunication,IntentSource1,Androguard,7,4342,7,0,1.0,yes
InterComponentCommunication,IntentSource1,FlowDroid,7,21,5,2,0.714286,yes
InterComponentCommunication,IntentSource1,GATOR,7,5392,7,0,1.0,yes
InterComponentCommunication,IntentSource1,MAMADROID,7,15,5,2,0.714286,yes
InterComponentCommunication,IntentSource1,NATIDROID,7,7685,7,0,1.0,yes
InterComponentCommunication,ServiceCommunication1,Androguard,16,24,16,0,1.0,yes
InterComponentCommunication,ServiceCommunication1,FlowDroid,16,34,13,3,0.8125,yes
InterComponentCommunication,ServiceCommunication1,GATOR,16,49,16,0,1.0,yes
InterComponentCommunication,ServiceCommunication1,MAMADROID,16,30,10,6,0.625,yes
InterComponentCommunication,ServiceCommunication1,NATIDROID,16,2424,16,0,1.0,yes
InterComponentCommunication,SharedPreferences1,Androguard,9,11,9,0,1.0,yes
InterComponentCommunication,SharedPreferences1,FlowDroid,9,16,5,4,0.555556,yes
InterComponentCommunication,SharedPreferences1,GATOR,9,16,6,3,0.666667,yes
InterComponentCommunication,SharedPreferences1,MAMADROID,9,14,5,4,0.555556,yes
InterComponentCommunication,SharedPreferences1,NATIDROID,9,2314,6,3,0.666667,yes
InterComponentCommunication,Singletons1,Androguard,7,9,7,0,1.0,yes
InterComponentCommunication,Singletons1,FlowDroid,7,21,7,0,1.0,yes
InterComponentCommunication,Singletons1,GATOR,7,17,7,0,1.0,yes
InterComponentCommunication,Singletons1,MAMADROID,7,19,7,0,1.0,yes
InterComponentCommunication,Singletons1,NATIDROID,7,2315,7,0,1.0,yes
InterComponentCommunication,UnresolvableIntent1,Androguard,15,4344,15,0,1.0,yes
InterComponentCommunication,UnresolvableIntent1,FlowDroid,15,32,13,2,0.866667,yes
InterComponentCommunication,UnresolvableIntent1,GATOR,15,5432,15,0,1.0,yes
InterComponentCommunication,UnresolvableIntent1,MAMADROID,15,28,13,2,0.866667,yes
InterComponentCommunication,UnresolvableIntent1,NATIDROID,15,7944,15,0,1.0,yes
Lifecycle,ActivityLifecycle1,Androguard,6,2348,6,0,1.0,yes
Lifecycle,ActivityLifecycle1,FlowDroid,6,21,5,1,0.833333,yes
Lifecycle,ActivityLifecycle1,GATOR,6,2986,6,0,1.0,yes
Lifecycle,ActivityLifecycle1,MAMADROID,6,20,5,1,0.833333,yes
Lifecycle,ActivityLifecycle1,NATIDROID,6,5285,6,0,1.0,yes
Lifecycle,ActivityLifecycle2,Androguard,8,2343,8,0,1.0,yes
Lifecycle,ActivityLifecycle2,FlowDroid,8,15,6,2,0.75,yes
Lifecycle,ActivityLifecycle2,GATOR,8,2984,8,0,1.0,yes
Lifecycle,ActivityLifecycle2,MAMADROID,8,14,6,2,0.75,yes
Lifecycle,ActivityLifecycle2,NATIDROID,8,5288,8,0,1.0,yes
Lifecycle,ActivityLifecycle3,Androguard,5,2343,5,0,1.0,yes
Lifecycle,ActivityLifecycle3,FlowDroid,5,12,4,1,0.8,yes
Lifecycle,ActivityLifecycle3,GATOR,5,2982,5,0,1.0,yes
Lifecycle,ActivityLifecycle3,MAMADROID,5,11,4,1,0.8,yes
Lifecycle,ActivityLifecycle3,NATIDROID,5,5286,5,0,1.0,yes
Lifecycle,ActivityLifecycle4,Androguard,9,2343,9,0,1.0,yes
Lifecycle,ActivityLifecycle4,FlowDroid,9,17,7,2,0.777778,yes
Lifecycle,ActivityLifecycle4,GATOR,9,2984,9,0,1.0,yes
Lifecycle,ActivityLifecycle4,MAMADROID,9,16,7,2,0.777778,yes
Lifecycle,ActivityLifecycle4,NATIDROID,9,5288,9,0,1.0,yes
Lifecycle,ActivitySavedState1,Androguard,7,9,7,0,1.0,yes
Lifecycle,ActivitySavedState1,FlowDroid,7,12,5,2,0.714286,yes
Lifecycle,ActivitySavedState1,GATOR,7,20,7,0,1.0,yes
Lifecycle,ActivitySavedState1,MAMADROID,7,11,5,2,0.714286,yes
Lifecycle,ActivitySavedState1,NATIDROID,7,2316,7,0,1.0,yes
Lifecycle,ApplicationLifecycle1,Androguard,8,2343,8,0,1.0,yes
Lifecycle,ApplicationLifecycle1,FlowDroid,8,15,6,2,0.75,yes
Lifecycle,ApplicationLifecycle1,GATOR,8,2982,8,0,1.0,yes
Lifecycle,ApplicationLifecycle1,MAMADROID,8,13,6,2,0.75,yes
Lifecycle,ApplicationLifecycle1,NATIDROID,8,5286,8,0,1.0,yes
Lifecycle,ApplicationLifecycle2,Androguard,5,2343,5,0,1.0,yes
Lifecycle,ApplicationLifecycle2,FlowDroid,5,14,4,1,0.8,yes
Lifecycle,ApplicationLifecycle2,GATOR,5,2982,5,0,1.0,yes
Lifecycle,ApplicationLifecycle2,MAMADROID,5,12,4,1,0.8,yes
Lifecycle,ApplicationLifecycle2,NATIDROID,5,5286,5,0,1.0,yes
Lifecycle,ApplicationLifecycle3,Androguard,7,2729,7,0,1.0,yes
Lifecycle,ApplicationLifecycle3,FlowDroid,7,23,4,3,0.571429,yes
Lifecycle,ApplicationLifecycle3,GATOR,7,3482,7,0,1.0,yes
Lifecycle,ApplicationLifecycle3,MAMADROID,7,18,4,3,0.571429,yes
Lifecycle,ApplicationLifecycle3,NATIDROID,7,5756,7,0,1.0,yes
Lifecycle,AsynchronousEventOrdering1,Androguard,5,6,5,0,1.0,yes
Lifecycle,AsynchronousEventOrdering1,FlowDroid,5,13,4,1,0.8,yes
Lifecycle,AsynchronousEventOrdering1,GATOR,5,14,5,0,1.0,yes
Lifecycle,AsynchronousEventOrdering1,MAMADROID,5,12,4,1,0.8,yes
Lifecycle,AsynchronousEventOrdering1,NATIDROID,5,2313,5,0,1.0,yes
Lifecycle,BroadcastReceiverLifecycle2,Androguard,14,4344,14,0,1.0,yes
Lifecycle,BroadcastReceiverLifecycle2,FlowDroid,14,22,11,3,0.785714,yes
Lifecycle,BroadcastReceiverLifecycle2,GATOR,14,5372,14,0,1.0,yes
Lifecycle,BroadcastReceiverLifecycle2,MAMADROID,14,22,11,3,0.785714,yes
Lifecycle,BroadcastReceiverLifecycle2,NATIDROID,14,7682,14,0,1.0,yes
Lifecycle,EventOrdering1,Androguard,3,6,3,0,1.0,yes
Lifecycle,EventOrdering1,FlowDroid,3,12,3,0,1.0,yes
Lifecycle,EventOrdering1,GATOR,3,14,3,0,1.0,yes
Lifecycle,EventOrdering1,MAMADROID,3,11,3,0,1.0,yes
Lifecycle,EventOrdering1,NATIDROID,3,2313,3,0,1.0,yes
Lifecycle,FragmentLifecycle1,Androguard,25,3971,25,0,1.0,yes
Lifecycle,FragmentLifecycle1,FlowDroid,25,25,9,16,0.36,yes
Lifecycle,FragmentLifecycle1,GATOR,25,4968,20,5,0.8,yes
Lifecycle,FragmentLifecycle1,MAMADROID,25,24,9,16,0.36,yes
Lifecycle,FragmentLifecycle1,NATIDROID,25,7227,20,5,0.8,yes
Lifecycle,FragmentLifecycle2,Androguard,42,2073,42,0,1.0,yes
Lifecycle,FragmentLifecycle2,FlowDroid,42,50,18,24,0.428571,yes
Lifecycle,FragmentLifecycle2,GATOR,42,2604,32,10,0.761905,yes
Lifecycle,FragmentLifecycle2,MAMADROID,42,45,18,24,0.428571,yes
Lifecycle,FragmentLifecycle2,NATIDROID,42,4696,32,10,0.761905,yes
Lifecycle,ServiceLifecycle2,Androguard,8,8,8,0,1.0,yes
Lifecycle,ServiceLifecycle2,FlowDroid,8,18,7,1,0.875,yes
Lifecycle,ServiceLifecycle2,GATOR,8,17,8,0,1.0,yes
Lifecycle,ServiceLifecycle2,MAMADROID,8,18,7,1,0.875,yes
Lifecycle,ServiceLifecycle2,NATIDROID,8,2396,8,0,1.0,yes
Lifecycle,SharedPreferenceChanged1,Androguard,9,11,9,0,1.0,yes
Lifecycle,SharedPreferenceChanged1,FlowDroid,9,12,5,4,0.555556,yes
Lifecycle,SharedPreferenceChanged1,GATOR,9,16,6,3,0.666667,yes
Lifecycle,SharedPreferenceChanged1,MAMADROID,9,11,5,4,0.555556,yes
Lifecycle,SharedPreferenceChanged1,NATIDROID,9,2314,6,3,0.666667,yes
Reflection,Reflection1,Androguard,9,2731,9,0,1.0,yes
Reflection,Reflection1,FlowDroid,9,16,6,3,0.666667,yes
Reflection,Reflection1,GATOR,9,3486,9,0,1.0,yes
Reflection,Reflection1,MAMADROID,9,15,6,3,0.666667,yes
Reflection,Reflection1,NATIDROID,9,5759,9,0,1.0,yes
Reflection,Reflection2,Androguard,10,2732,10,0,1.0,yes
Reflection,Reflection2,FlowDroid,10,16,6,4,0.6,yes
Reflection,Reflection2,GATOR,10,3487,10,0,1.0,yes
Reflection,Reflection2,MAMADROID,10,15,6,4,0.6,yes
Reflection,Reflection2,NATIDROID,10,5760,10,0,1.0,yes
Reflection,Reflection3,Androguard,14,2733,14,0,1.0,yes
Reflection,Reflection3,FlowDroid,14,16,7,7,0.5,yes
Reflection,Reflection3,GATOR,14,3489,14,0,1.0,yes
Reflection,Reflection3,MAMADROID,14,15,7,7,0.5,yes
Reflection,Reflection3,NATIDROID,14,5762,14,0,1.0,yes
Reflection,Reflection4,Androguard,11,2733,11,0,1.0,yes
Reflection,Reflection4,FlowDroid,11,14,4,7,0.363636,yes
Reflection,Reflection4,GATOR,11,3488,11,0,1.0,yes
Reflection,Reflection4,MAMADROID,11,13,4,7,0.363636,yes
Reflection,Reflection4,NATIDROID,11,5761,11,0,1.0,yes
Threading,AsyncTask1,Androguard,10,4341,10,0,1.0,yes
Threading,AsyncTask1,FlowDroid,10,19,7,3,0.7,yes
Threading,AsyncTask1,GATOR,10,5373,10,0,1.0,yes
Threading,AsyncTask1,MAMADROID,10,18,7,3,0.7,yes
Threading,AsyncTask1,NATIDROID,10,7683,10,0,1.0,yes
Threading,Executor1,Androguard,10,4342,10,0,1.0,yes
Threading,Executor1,FlowDroid,10,17,7,3,0.7,yes
Threading,Executor1,GATOR,10,5371,10,0,1.0,yes
Threading,Executor1,MAMADROID,10,16,7,3,0.7,yes
Threading,Executor1,NATIDROID,10,7680,10,0,1.0,yes
Threading,JavaThread1,Androguard,9,4341,9,0,1.0,yes
Threading,JavaThread1,FlowDroid,9,18,7,2,0.777778,yes
Threading,JavaThread1,GATOR,9,5369,9,0,1.0,yes
Threading,JavaThread1,MAMADROID,9,17,7,2,0.777778,yes
Threading,JavaThread1,NATIDROID,9,7679,9,0,1.0,yes
Threading,JavaThread2,Androguard,9,4341,9,0,1.0,yes
Threading,JavaThread2,FlowDroid,9,19,7,2,0.777778,yes
Threading,JavaThread2,GATOR,9,5369,9,0,1.0,yes
Threading,JavaThread2,MAMADROID,9,18,7,2,0.777778,yes
Threading,JavaThread2,NATIDROID,9,7679,9,0,1.0,yes
Threading,Looper1,Androguard,316,7747,316,0,1.0,yes
Threading,Looper1,FlowDroid,316,33,13,303,0.041139,yes
Threading,Looper1,GATOR,316,9065,305,11,0.96519,yes
Threading,Looper1,MAMADROID,316,32,13,303,0.041139,yes
Threading,Looper1,NATIDROID,316,11334,305,11,0.96519,yes
