tool,proxy,bucket,signature,all_tags
ANDROGUARD,privacy,device_and_subscriber_ids,"<android.accounts.Account: void <init>(java.lang.String,java.lang.String)>",accounts
ANDROGUARD,privacy,device_and_subscriber_ids,<android.telephony.CellIdentity: java.lang.CharSequence getOperatorAlphaShort()>,telephony
ANDROGUARD,privacy,device_and_subscriber_ids,"<android.telephony.TelephonyManager: void listen(android.telephony.PhoneStateListener,int)>",telephony
ANDROGUARD,privacy,device_and_subscriber_ids,<android.telephony.SubscriptionManager: android.telephony.SubscriptionManager 'from'(android.content.Context)>,telephony
ANDROGUARD,privacy,device_and_subscriber_ids,"<android.telephony.TelephonyManager: void registerTelephonyCallback(java.util.concurrent.Executor,android.telephony.TelephonyCallback)>",telephony
ANDROGUARD,privacy,device_and_subscriber_ids,"<android.accounts.AccountManager: void addOnAccountsUpdatedListener(android.accounts.OnAccountsUpdateListener,android.os.Handler,boolean,java.lang.String[])>",accounts
ANDROGUARD,privacy,location_and_sensors,"<android.media.AudioRecord: void <init>(int,int,int,int,int)>",microphone
ANDROGUARD,privacy,location_and_sensors,"<android.media.AudioRecord: int getMinBufferSize(int,int,int)>",microphone
ANDROGUARD,privacy,location_and_sensors,"<android.hardware.Camera$Parameters: void setPreviewSize(int,int)>",camera
ANDROGUARD,privacy,location_and_sensors,"<android.hardware.Camera: void getCameraInfo(int,android.hardware.Camera$CameraInfo)>",camera
ANDROGUARD,privacy,location_and_sensors,"<android.location.Location: void distanceBetween(double,double,double,double,float[])>",location
ANDROGUARD,privacy,location_and_sensors,"<android.hardware.camera2.params.MeteringRectangle: void <init>(android.graphics.Rect,int)>",camera
ANDROGUARD,privacy,location_and_sensors,"<android.location.LocationManager: boolean addNmeaListener(android.location.OnNmeaMessageListener,android.os.Handler)>",location
ANDROGUARD,privacy,location_and_sensors,"<android.location.LocationManager: void requestLocationUpdates(java.lang.String,long,float,android.location.LocationListener)>",location|sensitive_api
ANDROGUARD,privacy,location_and_sensors,"<android.location.LocationManager: boolean registerGnssStatusCallback(android.location.GnssStatus$Callback,android.os.Handler)>",location
ANDROGUARD,privacy,location_and_sensors,"<android.location.LocationManager: void requestSingleUpdate(java.lang.String,android.location.LocationListener,android.os.Looper)>",location
ANDROGUARD,privacy,location_and_sensors,"<android.hardware.camera2.CameraManager: void registerAvailabilityCallback(android.hardware.camera2.CameraManager$AvailabilityCallback,android.os.Handler)>",camera
ANDROGUARD,privacy,location_and_sensors,"<android.hardware.camera2.CameraManager: void registerAvailabilityCallback(java.util.concurrent.Executor,android.hardware.camera2.CameraManager$AvailabilityCallback)>",camera
ANDROGUARD,privacy,web_and_exfil_primitives,"<android.webkit.WebView: void onMeasure(int,int)>",callback|webview
ANDROGUARD,privacy,web_and_exfil_primitives,"<android.webkit.WebView: void onSizeChanged(int,int,int,int)>",callback|webview
ANDROGUARD,privacy,web_and_exfil_primitives,"<android.webkit.WebView: void onScrollChanged(int,int,int,int)>",callback|webview
ANDROGUARD,privacy,web_and_exfil_primitives,"<android.webkit.WebView: boolean onKeyUp(int,android.view.KeyEvent)>",callback|webview
ANDROGUARD,privacy,web_and_exfil_primitives,"<android.webkit.WebView: boolean onKeyDown(int,android.view.KeyEvent)>",callback|webview
ANDROGUARD,privacy,web_and_exfil_primitives,"<android.webkit.WebView: void loadUrl(java.lang.String,java.util.Map)>",entrypoint|sensitive_api|webview
ANDROGUARD,privacy,web_and_exfil_primitives,"<android.webkit.WebView: void onOverScrolled(int,int,boolean,boolean)>",callback|webview
ANDROGUARD,privacy,web_and_exfil_primitives,"<android.webkit.WebView: void setLayerType(int,android.graphics.Paint)>",webview
ANDROGUARD,privacy,web_and_exfil_primitives,"<android.webkit.WebView: boolean requestFocus(int,android.graphics.Rect)>",webview
ANDROGUARD,privacy,web_and_exfil_primitives,"<android.webkit.WebView: void onVisibilityChanged(android.view.View,int)>",callback|webview
ANDROGUARD,privacy,web_and_exfil_primitives,"<android.webkit.WebView: boolean onKeyMultiple(int,int,android.view.KeyEvent)>",callback|webview
ANDROGUARD,privacy,web_and_exfil_primitives,"<android.webkit.WebView: void onFocusChanged(boolean,int,android.graphics.Rect)>",callback|webview
ANDROGUARD,privacy,web_and_exfil_primitives,"<android.webkit.CookieManager: void setCookie(java.lang.String,java.lang.String)>",webview
ANDROGUARD,privacy,web_and_exfil_primitives,"<android.webkit.WebChromeClient: void onProgressChanged(android.webkit.WebView,int)>",callback|entrypoint|webview
ANDROGUARD,privacy,web_and_exfil_primitives,"<android.webkit.WebViewClient: void onScaleChanged(android.webkit.WebView,float,float)>",callback|entrypoint|webview
ANDROGUARD,malware_evasion,reflection_and_dynamic_loading,"<java.lang.reflect.Field: void setInt(java.lang.Object,int)>",reflection
ANDROGUARD,malware_evasion,reflection_and_dynamic_loading,"<java.lang.reflect.Field: void setByte(java.lang.Object,byte)>",reflection
ANDROGUARD,malware_evasion,reflection_and_dynamic_loading,"<java.lang.reflect.Field: void setLong(java.lang.Object,long)>",reflection
ANDROGUARD,malware_evasion,reflection_and_dynamic_loading,"<java.lang.reflect.Field: void setDouble(java.lang.Object,double)>",reflection
ANDROGUARD,malware_evasion,reflection_and_dynamic_loading,"<java.lang.reflect.Field: void setBoolean(java.lang.Object,boolean)>",reflection
ANDROGUARD,malware_evasion,reflection_and_dynamic_loading,"<java.lang.reflect.Array: java.lang.Object get(java.lang.Object,int)>",reflection
ANDROGUARD,malware_evasion,reflection_and_dynamic_loading,"<java.lang.reflect.Field: void set(java.lang.Object,java.lang.Object)>",reflection
ANDROGUARD,malware_evasion,reflection_and_dynamic_loading,"<java.lang.reflect.Array: void set(java.lang.Object,int,java.lang.Object)>",reflection
ANDROGUARD,malware_evasion,reflection_and_dynamic_loading,"<java.lang.reflect.Array: java.lang.Object newInstance(java.lang.Class,int)>",reflection
ANDROGUARD,malware_evasion,reflection_and_dynamic_loading,<java.lang.reflect.Executable: boolean isAnnotationPresent(java.lang.Class)>,reflection
ANDROGUARD,malware_evasion,reflection_and_dynamic_loading,"<java.lang.reflect.Array: java.lang.Object newInstance(java.lang.Class,int[])>",reflection
ANDROGUARD,malware_evasion,reflection_and_dynamic_loading,<java.lang.Class: java.lang.'annotation'.Annotation[] getDeclaredAnnotations()>,reflection
ANDROGUARD,malware_evasion,reflection_and_dynamic_loading,"<java.lang.RuntimeException: void <init>(java.lang.String,java.lang.Throwable)>",reflection
ANDROGUARD,malware_evasion,reflection_and_dynamic_loading,<java.lang.Class: java.lang.'annotation'.Annotation getAnnotation(java.lang.Class)>,reflection
ANDROGUARD,malware_evasion,reflection_and_dynamic_loading,<java.lang.reflect.Field: java.lang.'annotation'.Annotation[] getDeclaredAnnotations()>,reflection
ANDROGUARD,malware_evasion,hidden_entrypoints_and_callbacks,"<android.view.View: void onMeasure(int,int)>",callback
ANDROGUARD,malware_evasion,hidden_entrypoints_and_callbacks,"<android.webkit.WebView: void onMeasure(int,int)>",callback|webview
ANDROGUARD,malware_evasion,hidden_entrypoints_and_callbacks,"<android.widget.Spinner: void onMeasure(int,int)>",callback
ANDROGUARD,malware_evasion,hidden_entrypoints_and_callbacks,"<android.widget.ListView: void onMeasure(int,int)>",callback
ANDROGUARD,malware_evasion,hidden_entrypoints_and_callbacks,"<android.widget.TextView: void onMeasure(int,int)>",callback
ANDROGUARD,malware_evasion,hidden_entrypoints_and_callbacks,"<android.view.SurfaceView: void onMeasure(int,int)>",callback
ANDROGUARD,malware_evasion,hidden_entrypoints_and_callbacks,"<android.widget.ImageView: void onMeasure(int,int)>",callback
ANDROGUARD,malware_evasion,hidden_entrypoints_and_callbacks,"<android.widget.EdgeEffect: void onPull(float,float)>",callback
ANDROGUARD,malware_evasion,hidden_entrypoints_and_callbacks,"<android.widget.FrameLayout: void onMeasure(int,int)>",callback
ANDROGUARD,malware_evasion,hidden_entrypoints_and_callbacks,"<android.widget.ProgressBar: void onMeasure(int,int)>",callback
ANDROGUARD,malware_evasion,hidden_entrypoints_and_callbacks,"<android.widget.LinearLayout: void onMeasure(int,int)>",callback
ANDROGUARD,malware_evasion,hidden_entrypoints_and_callbacks,"<android.view.View: void onSizeChanged(int,int,int,int)>",callback
ANDROGUARD,malware_evasion,hidden_entrypoints_and_callbacks,"<android.widget.RelativeLayout: void onMeasure(int,int)>",callback
ANDROGUARD,malware_evasion,hidden_entrypoints_and_callbacks,"<android.view.View: void onScrollChanged(int,int,int,int)>",callback
ANDROGUARD,malware_evasion,hidden_entrypoints_and_callbacks,"<android.view.View: void onLayout(boolean,int,int,int,int)>",callback
ANDROGUARD,malware_evasion,ipc_and_dispatch,"<android.content.Intent: int getIntExtra(java.lang.String,int)>",ipc
ANDROGUARD,malware_evasion,ipc_and_dispatch,"<android.content.Intent: long getLongExtra(java.lang.String,long)>",ipc
ANDROGUARD,malware_evasion,ipc_and_dispatch,"<android.content.Context: java.io.File getDir(java.lang.String,int)>",ipc
ANDROGUARD,malware_evasion,ipc_and_dispatch,"<android.content.Intent: void <init>(java.lang.String,android.net.Uri)>",ipc
ANDROGUARD,malware_evasion,ipc_and_dispatch,"<android.content.Context: int checkPermission(java.lang.String,int,int)>",ipc
ANDROGUARD,malware_evasion,ipc_and_dispatch,"<android.content.ContextWrapper: java.io.File getDir(java.lang.String,int)>",ipc
ANDROGUARD,malware_evasion,ipc_and_dispatch,"<android.content.Intent: boolean getBooleanExtra(java.lang.String,boolean)>",ipc
ANDROGUARD,malware_evasion,ipc_and_dispatch,"<android.content.Context: java.lang.String getString(int,java.lang.Object[])>",ipc
ANDROGUARD,malware_evasion,ipc_and_dispatch,"<android.content.Intent: void <init>(android.content.Context,java.lang.Class)>",ipc
ANDROGUARD,malware_evasion,ipc_and_dispatch,"<android.content.ContextWrapper: int checkPermission(java.lang.String,int,int)>",ipc
ANDROGUARD,malware_evasion,ipc_and_dispatch,"<android.content.Intent: android.content.Intent parseUri(java.lang.String,int)>",ipc
ANDROGUARD,malware_evasion,ipc_and_dispatch,"<android.content.Intent: android.content.Intent putExtra(java.lang.String,int)>",ipc
ANDROGUARD,malware_evasion,ipc_and_dispatch,"<android.content.Intent: android.content.Intent putExtra(java.lang.String,byte)>",ipc
ANDROGUARD,malware_evasion,ipc_and_dispatch,"<android.content.Intent: android.content.Intent putExtra(java.lang.String,long)>",ipc
ANDROGUARD,malware_evasion,ipc_and_dispatch,"<android.content.Intent: android.content.Intent putExtra(java.lang.String,int[])>",ipc
FLOWDROID,privacy,device_and_subscriber_ids,<android.telephony.CellIdentityLte: int getCi()>,telephony
FLOWDROID,privacy,device_and_subscriber_ids,<android.telephony.ServiceState: int getState()>,telephony
FLOWDROID,privacy,device_and_subscriber_ids,<android.telephony.CellIdentityLte: int getMcc()>,telephony
FLOWDROID,privacy,device_and_subscriber_ids,<android.telephony.CellIdentityLte: int getMnc()>,telephony
FLOWDROID,privacy,device_and_subscriber_ids,<android.telephony.CellIdentityLte: int getPci()>,telephony
FLOWDROID,privacy,device_and_subscriber_ids,<android.telephony.CellIdentityLte: int getTac()>,telephony
FLOWDROID,privacy,device_and_subscriber_ids,<android.telephony.CellInfo: long getTimeStamp()>,telephony
FLOWDROID,privacy,device_and_subscriber_ids,<android.telephony.SubscriptionInfo: int getMcc()>,telephony
FLOWDROID,privacy,device_and_subscriber_ids,<android.telephony.SubscriptionInfo: int getMnc()>,telephony
FLOWDROID,privacy,device_and_subscriber_ids,<android.telephony.SignalStrength: boolean isGsm()>,telephony
FLOWDROID,privacy,device_and_subscriber_ids,<android.telephony.CellInfo: boolean isRegistered()>,telephony
FLOWDROID,privacy,device_and_subscriber_ids,<android.telephony.CellSignalStrength: int getDbm()>,telephony
FLOWDROID,privacy,device_and_subscriber_ids,<android.telephony.gsm.GsmCellLocation: int getCid()>,telephony
FLOWDROID,privacy,device_and_subscriber_ids,<android.telephony.gsm.GsmCellLocation: int getLac()>,telephony
FLOWDROID,privacy,device_and_subscriber_ids,<android.telephony.CellSignalStrengthLte: int getDbm()>,telephony
FLOWDROID,privacy,location_and_sensors,<android.hardware.Camera: void release()>,camera
FLOWDROID,privacy,location_and_sensors,<android.hardware.Camera: void stopPreview()>,camera
FLOWDROID,privacy,location_and_sensors,<android.hardware.Camera: void startPreview()>,camera
FLOWDROID,privacy,location_and_sensors,<android.hardware.Camera: void cancelAutoFocus()>,camera
FLOWDROID,privacy,location_and_sensors,<android.location.GnssStatus: boolean usedInFix(int)>,location
FLOWDROID,privacy,location_and_sensors,<android.location.Location: boolean hasMslAltitude()>,location
FLOWDROID,privacy,location_and_sensors,<android.hardware.Camera$Parameters: int getMaxZoom()>,camera
FLOWDROID,privacy,location_and_sensors,<android.location.GnssStatus: int getSatelliteCount()>,location
FLOWDROID,privacy,location_and_sensors,<android.hardware.Camera$Parameters: void setZoom(int)>,camera
FLOWDROID,privacy,location_and_sensors,<android.location.GnssStatus$Callback: void onStarted()>,callback|location
FLOWDROID,privacy,location_and_sensors,<android.hardware.Camera: void setDisplayOrientation(int)>,camera
FLOWDROID,privacy,location_and_sensors,<android.location.GnssStatus$Callback: void onFirstFix(int)>,callback|location
FLOWDROID,privacy,location_and_sensors,<android.hardware.Camera$Parameters: boolean isZoomSupported()>,camera
FLOWDROID,privacy,location_and_sensors,<android.location.LocationManager: boolean isLocationEnabled()>,location
FLOWDROID,privacy,location_and_sensors,<android.hardware.Camera$Parameters: java.lang.String flatten()>,camera
FLOWDROID,privacy,web_and_exfil_primitives,<android.webkit.CookieManager: void flush()>,webview
FLOWDROID,privacy,web_and_exfil_primitives,<android.webkit.CookieSyncManager: void sync()>,webview
FLOWDROID,privacy,web_and_exfil_primitives,<android.webkit.ConsoleMessage: int lineNumber()>,webview
FLOWDROID,privacy,web_and_exfil_primitives,"<android.webkit.WebView: void onMeasure(int,int)>",callback|webview
FLOWDROID,privacy,web_and_exfil_primitives,<android.webkit.WebSettings: void setTextZoom(int)>,webview
FLOWDROID,privacy,web_and_exfil_primitives,<android.webkit.WebView: void onAttachedToWindow()>,callback|webview
FLOWDROID,privacy,web_and_exfil_primitives,<android.webkit.WebSettings: void setCacheMode(int)>,webview
FLOWDROID,privacy,web_and_exfil_primitives,<android.webkit.WebSettings: void setForceDark(int)>,webview
FLOWDROID,privacy,web_and_exfil_primitives,<android.webkit.WebResourceError: int getErrorCode()>,webview
FLOWDROID,privacy,web_and_exfil_primitives,<android.webkit.WebView$HitTestResult: int getType()>,webview
FLOWDROID,privacy,web_and_exfil_primitives,<android.webkit.CookieManager: boolean acceptCookie()>,webview
FLOWDROID,privacy,web_and_exfil_primitives,<android.webkit.WebResourceRequest: boolean hasGesture()>,webview
FLOWDROID,privacy,web_and_exfil_primitives,<android.webkit.WebResourceRequest: boolean isRedirect()>,webview
FLOWDROID,privacy,web_and_exfil_primitives,<android.webkit.WebResourceResponse: int getStatusCode()>,webview
FLOWDROID,privacy,web_and_exfil_primitives,<android.webkit.WebSettings: void setDefaultFontSize(int)>,webview
FLOWDROID,malware_evasion,reflection_and_dynamic_loading,<java.lang.Runtime: void gc()>,reflection
FLOWDROID,malware_evasion,reflection_and_dynamic_loading,<java.lang.Runtime: void halt(int)>,reflection
FLOWDROID,malware_evasion,reflection_and_dynamic_loading,<java.lang.Runtime: long maxMemory()>,reflection
FLOWDROID,malware_evasion,reflection_and_dynamic_loading,<java.lang.Runtime: long freeMemory()>,reflection
FLOWDROID,malware_evasion,reflection_and_dynamic_loading,<java.lang.Runtime: long totalMemory()>,reflection
FLOWDROID,malware_evasion,reflection_and_dynamic_loading,<java.lang.reflect.Method: int hashCode()>,reflection
FLOWDROID,malware_evasion,reflection_and_dynamic_loading,<java.lang.Runtime: void runFinalization()>,reflection
FLOWDROID,malware_evasion,reflection_and_dynamic_loading,<java.lang.reflect.Field: int getModifiers()>,reflection
FLOWDROID,malware_evasion,reflection_and_dynamic_loading,<java.lang.Runtime: int availableProcessors()>,reflection
FLOWDROID,malware_evasion,reflection_and_dynamic_loading,<java.lang.reflect.Member: int getModifiers()>,reflection
FLOWDROID,malware_evasion,reflection_and_dynamic_loading,<java.lang.reflect.Method: boolean isBridge()>,reflection
FLOWDROID,malware_evasion,reflection_and_dynamic_loading,<java.lang.reflect.Method: int getModifiers()>,reflection
FLOWDROID,malware_evasion,reflection_and_dynamic_loading,<java.lang.reflect.Method: boolean isDefault()>,reflection
FLOWDROID,malware_evasion,reflection_and_dynamic_loading,<java.lang.reflect.Method: boolean isVarArgs()>,reflection
FLOWDROID,malware_evasion,reflection_and_dynamic_loading,<java.lang.reflect.Field: boolean isSynthetic()>,reflection
FLOWDROID,malware_evasion,hidden_entrypoints_and_callbacks,<android.app.Dialog: void onStop()>,callback|entrypoint
FLOWDROID,malware_evasion,hidden_entrypoints_and_callbacks,<android.app.Dialog: void onStart()>,callback|entrypoint
FLOWDROID,malware_evasion,hidden_entrypoints_and_callbacks,<android.widget.Magnifier: void update()>,entrypoint|sensitive_api
FLOWDROID,malware_evasion,hidden_entrypoints_and_callbacks,<android.view.View: void onAnimationEnd()>,callback
FLOWDROID,malware_evasion,hidden_entrypoints_and_callbacks,<android.view.View: void onAnimationStart()>,callback
FLOWDROID,malware_evasion,hidden_entrypoints_and_callbacks,<android.app.Dialog: void onAttachedToWindow()>,callback
FLOWDROID,malware_evasion,hidden_entrypoints_and_callbacks,<android.widget.EdgeEffect: void onAbsorb(int)>,callback
FLOWDROID,malware_evasion,hidden_entrypoints_and_callbacks,<android.widget.EdgeEffect: void onPull(float)>,callback
FLOWDROID,malware_evasion,hidden_entrypoints_and_callbacks,<android.support.v4.app.Fragment: void onStop()>,callback|entrypoint
FLOWDROID,malware_evasion,hidden_entrypoints_and_callbacks,<android.support.v4.media.b: void onConnected()>,callback
FLOWDROID,malware_evasion,hidden_entrypoints_and_callbacks,<android.app.Dialog: void onDetachedFromWindow()>,callback
FLOWDROID,malware_evasion,hidden_entrypoints_and_callbacks,<android.support.v4.app.Fragment: void onPause()>,callback|entrypoint
FLOWDROID,malware_evasion,hidden_entrypoints_and_callbacks,<android.support.v4.app.Fragment: void onStart()>,callback|entrypoint
FLOWDROID,malware_evasion,hidden_entrypoints_and_callbacks,"<android.webkit.WebView: void onMeasure(int,int)>",callback|webview
FLOWDROID,malware_evasion,hidden_entrypoints_and_callbacks,"<android.widget.Spinner: void onMeasure(int,int)>",callback
FLOWDROID,malware_evasion,ipc_and_dispatch,<android.content.Context: boolean isRestricted()>,ipc
FLOWDROID,malware_evasion,ipc_and_dispatch,<android.content.Context: java.io.File getCacheDir()>,ipc
FLOWDROID,malware_evasion,ipc_and_dispatch,<android.content.Context: java.io.File getFilesDir()>,ipc
FLOWDROID,malware_evasion,ipc_and_dispatch,<android.content.Context: java.io.File getCodeCacheDir()>,ipc
FLOWDROID,malware_evasion,ipc_and_dispatch,<android.content.IntentFilter: int countDataAuthorities()>,ipc
FLOWDROID,malware_evasion,ipc_and_dispatch,<android.content.Context: android.os.Looper getMainLooper()>,ipc
FLOWDROID,malware_evasion,ipc_and_dispatch,<android.content.Context: java.lang.String getPackageName()>,ipc
FLOWDROID,malware_evasion,ipc_and_dispatch,<android.content.Context: java.lang.String[] databaseList()>,ipc
FLOWDROID,malware_evasion,ipc_and_dispatch,<android.content.Context: java.io.File getExternalCacheDir()>,ipc
FLOWDROID,malware_evasion,ipc_and_dispatch,<android.content.Context: java.io.File getNoBackupFilesDir()>,ipc
FLOWDROID,malware_evasion,ipc_and_dispatch,<android.content.Context: boolean deleteFile(java.lang.String)>,ipc
FLOWDROID,malware_evasion,ipc_and_dispatch,<android.content.Context: java.io.File[] getExternalCacheDirs()>,ipc
FLOWDROID,malware_evasion,ipc_and_dispatch,<android.content.Context: java.io.File[] getExternalMediaDirs()>,ipc
FLOWDROID,malware_evasion,ipc_and_dispatch,<android.content.Context: java.lang.String getBasePackageName()>,ipc
FLOWDROID,malware_evasion,ipc_and_dispatch,<android.content.Context: java.lang.String getPackageCodePath()>,ipc
MAMADROID,privacy,device_and_subscriber_ids,<android.telephony.CellIdentityLte: int getCi()>,telephony
MAMADROID,privacy,device_and_subscriber_ids,<android.telephony.ServiceState: int getState()>,telephony
MAMADROID,privacy,device_and_subscriber_ids,<android.telephony.CellIdentityLte: int getMcc()>,telephony
MAMADROID,privacy,device_and_subscriber_ids,<android.telephony.CellIdentityLte: int getMnc()>,telephony
MAMADROID,privacy,device_and_subscriber_ids,<android.telephony.CellIdentityLte: int getPci()>,telephony
MAMADROID,privacy,device_and_subscriber_ids,<android.telephony.CellIdentityLte: int getTac()>,telephony
MAMADROID,privacy,device_and_subscriber_ids,<android.telephony.CellInfo: long getTimeStamp()>,telephony
MAMADROID,privacy,device_and_subscriber_ids,<android.telephony.SubscriptionInfo: int getMcc()>,telephony
MAMADROID,privacy,device_and_subscriber_ids,<android.telephony.SubscriptionInfo: int getMnc()>,telephony
MAMADROID,privacy,device_and_subscriber_ids,<android.telephony.SignalStrength: boolean isGsm()>,telephony
MAMADROID,privacy,device_and_subscriber_ids,<android.telephony.CellInfo: boolean isRegistered()>,telephony
MAMADROID,privacy,device_and_subscriber_ids,<android.telephony.CellSignalStrength: int getDbm()>,telephony
MAMADROID,privacy,device_and_subscriber_ids,<android.telephony.gsm.GsmCellLocation: int getCid()>,telephony
MAMADROID,privacy,device_and_subscriber_ids,<android.telephony.gsm.GsmCellLocation: int getLac()>,telephony
MAMADROID,privacy,device_and_subscriber_ids,<android.telephony.CellSignalStrengthLte: int getDbm()>,telephony
MAMADROID,privacy,location_and_sensors,<android.hardware.Camera: void release()>,camera
MAMADROID,privacy,location_and_sensors,<android.hardware.Camera: void stopPreview()>,camera
MAMADROID,privacy,location_and_sensors,<android.hardware.Camera: void startPreview()>,camera
MAMADROID,privacy,location_and_sensors,<android.hardware.Camera: void cancelAutoFocus()>,camera
MAMADROID,privacy,location_and_sensors,<android.location.GnssStatus: boolean usedInFix(int)>,location
MAMADROID,privacy,location_and_sensors,<android.location.Location: boolean hasMslAltitude()>,location
MAMADROID,privacy,location_and_sensors,<android.hardware.Camera$Parameters: int getMaxZoom()>,camera
MAMADROID,privacy,location_and_sensors,<android.location.GnssStatus: int getSatelliteCount()>,location
MAMADROID,privacy,location_and_sensors,<android.hardware.Camera$Parameters: void setZoom(int)>,camera
MAMADROID,privacy,location_and_sensors,<android.location.GnssStatus$Callback: void onStarted()>,callback|location
MAMADROID,privacy,location_and_sensors,<android.hardware.Camera: void setDisplayOrientation(int)>,camera
MAMADROID,privacy,location_and_sensors,<android.location.GnssStatus$Callback: void onFirstFix(int)>,callback|location
MAMADROID,privacy,location_and_sensors,<android.hardware.Camera$Parameters: boolean isZoomSupported()>,camera
MAMADROID,privacy,location_and_sensors,<android.location.LocationManager: boolean isLocationEnabled()>,location
MAMADROID,privacy,location_and_sensors,<android.hardware.Camera$Parameters: java.lang.String flatten()>,camera
MAMADROID,privacy,web_and_exfil_primitives,<android.webkit.CookieManager: void flush()>,webview
MAMADROID,privacy,web_and_exfil_primitives,<android.webkit.CookieSyncManager: void sync()>,webview
MAMADROID,privacy,web_and_exfil_primitives,<android.webkit.ConsoleMessage: int lineNumber()>,webview
MAMADROID,privacy,web_and_exfil_primitives,"<android.webkit.WebView: void onMeasure(int,int)>",callback|webview
MAMADROID,privacy,web_and_exfil_primitives,<android.webkit.WebSettings: void setTextZoom(int)>,webview
MAMADROID,privacy,web_and_exfil_primitives,<android.webkit.WebView: void onAttachedToWindow()>,callback|webview
MAMADROID,privacy,web_and_exfil_primitives,<android.webkit.WebSettings: void setCacheMode(int)>,webview
MAMADROID,privacy,web_and_exfil_primitives,<android.webkit.WebSettings: void setForceDark(int)>,webview
MAMADROID,privacy,web_and_exfil_primitives,<android.webkit.WebResourceError: int getErrorCode()>,webview
MAMADROID,privacy,web_and_exfil_primitives,<android.webkit.WebView$HitTestResult: int getType()>,webview
MAMADROID,privacy,web_and_exfil_primitives,<android.webkit.CookieManager: boolean acceptCookie()>,webview
MAMADROID,privacy,web_and_exfil_primitives,<android.webkit.WebResourceRequest: boolean hasGesture()>,webview
MAMADROID,privacy,web_and_exfil_primitives,<android.webkit.WebResourceRequest: boolean isRedirect()>,webview
MAMADROID,privacy,web_and_exfil_primitives,<android.webkit.WebResourceResponse: int getStatusCode()>,webview
MAMADROID,privacy,web_and_exfil_primitives,<android.webkit.WebSettings: void setDefaultFontSize(int)>,webview
MAMADROID,malware_evasion,reflection_and_dynamic_loading,<java.lang.Runtime: void gc()>,reflection
MAMADROID,malware_evasion,reflection_and_dynamic_loading,<java.lang.Runtime: void halt(int)>,reflection
MAMADROID,malware_evasion,reflection_and_dynamic_loading,<java.lang.Runtime: long maxMemory()>,reflection
MAMADROID,malware_evasion,reflection_and_dynamic_loading,<java.lang.Runtime: long freeMemory()>,reflection
MAMADROID,malware_evasion,reflection_and_dynamic_loading,<java.lang.Runtime: long totalMemory()>,reflection
MAMADROID,malware_evasion,reflection_and_dynamic_loading,<java.lang.reflect.Method: int hashCode()>,reflection
MAMADROID,malware_evasion,reflection_and_dynamic_loading,<java.lang.Runtime: void runFinalization()>,reflection
MAMADROID,malware_evasion,reflection_and_dynamic_loading,<java.lang.reflect.Field: int getModifiers()>,reflection
MAMADROID,malware_evasion,reflection_and_dynamic_loading,<java.lang.Runtime: int availableProcessors()>,reflection
MAMADROID,malware_evasion,reflection_and_dynamic_loading,<java.lang.reflect.Member: int getModifiers()>,reflection
MAMADROID,malware_evasion,reflection_and_dynamic_loading,<java.lang.reflect.Method: boolean isBridge()>,reflection
MAMADROID,malware_evasion,reflection_and_dynamic_loading,<java.lang.reflect.Method: int getModifiers()>,reflection
MAMADROID,malware_evasion,reflection_and_dynamic_loading,<java.lang.reflect.Method: boolean isDefault()>,reflection
MAMADROID,malware_evasion,reflection_and_dynamic_loading,<java.lang.reflect.Method: boolean isVarArgs()>,reflection
MAMADROID,malware_evasion,reflection_and_dynamic_loading,<java.lang.reflect.Field: boolean isSynthetic()>,reflection
MAMADROID,malware_evasion,hidden_entrypoints_and_callbacks,<android.app.Dialog: void onStop()>,callback|entrypoint
MAMADROID,malware_evasion,hidden_entrypoints_and_callbacks,<android.app.Dialog: void onStart()>,callback|entrypoint
MAMADROID,malware_evasion,hidden_entrypoints_and_callbacks,<android.widget.Magnifier: void update()>,entrypoint|sensitive_api
MAMADROID,malware_evasion,hidden_entrypoints_and_callbacks,<android.view.View: void onAnimationEnd()>,callback
MAMADROID,malware_evasion,hidden_entrypoints_and_callbacks,<android.view.View: void onAnimationStart()>,callback
MAMADROID,malware_evasion,hidden_entrypoints_and_callbacks,<android.app.Dialog: void onAttachedToWindow()>,callback
MAMADROID,malware_evasion,hidden_entrypoints_and_callbacks,<android.widget.EdgeEffect: void onAbsorb(int)>,callback
MAMADROID,malware_evasion,hidden_entrypoints_and_callbacks,<android.widget.EdgeEffect: void onPull(float)>,callback
MAMADROID,malware_evasion,hidden_entrypoints_and_callbacks,<android.support.v4.app.Fragment: void onStop()>,callback|entrypoint
MAMADROID,malware_evasion,hidden_entrypoints_and_callbacks,<android.support.v4.media.b: void onConnected()>,callback
MAMADROID,malware_evasion,hidden_entrypoints_and_callbacks,<android.app.Dialog: void onDetachedFromWindow()>,callback
MAMADROID,malware_evasion,hidden_entrypoints_and_callbacks,<android.support.v4.app.Fragment: void onPause()>,callback|entrypoint
MAMADROID,malware_evasion,hidden_entrypoints_and_callbacks,<android.support.v4.app.Fragment: void onStart()>,callback|entrypoint
MAMADROID,malware_evasion,hidden_entrypoints_and_callbacks,"<android.webkit.WebView: void onMeasure(int,int)>",callback|webview
MAMADROID,malware_evasion,hidden_entrypoints_and_callbacks,"<android.widget.Spinner: void onMeasure(int,int)>",callback
MAMADROID,malware_evasion,ipc_and_dispatch,<android.content.Context: boolean isRestricted()>,ipc
MAMADROID,malware_evasion,ipc_and_dispatch,<android.content.Context: java.io.File getCacheDir()>,ipc
MAMADROID,malware_evasion,ipc_and_dispatch,<android.content.Context: java.io.File getFilesDir()>,ipc
MAMADROID,malware_evasion,ipc_and_dispatch,<android.content.Context: java.io.File getCodeCacheDir()>,ipc
MAMADROID,malware_evasion,ipc_and_dispatch,<android.content.IntentFilter: int countDataAuthorities()>,ipc
MAMADROID,malware_evasion,ipc_and_dispatch,<android.content.Context: android.os.Looper getMainLooper()>,ipc
MAMADROID,malware_evasion,ipc_and_dispatch,<android.content.Context: java.lang.String getPackageName()>,ipc
MAMADROID,malware_evasion,ipc_and_dispatch,<android.content.Context: java.lang.String[] databaseList()>,ipc
MAMADROID,malware_evasion,ipc_and_dispatch,<android.content.Context: java.io.File getExternalCacheDir()>,ipc
MAMADROID,malware_evasion,ipc_and_dispatch,<android.content.Context: java.io.File getNoBackupFilesDir()>,ipc
MAMADROID,malware_evasion,ipc_and_dispatch,<android.content.Context: boolean deleteFile(java.lang.String)>,ipc
MAMADROID,malware_evasion,ipc_and_dispatch,<android.content.Context: java.io.File[] getExternalCacheDirs()>,ipc
MAMADROID,malware_evasion,ipc_and_dispatch,<android.content.Context: java.io.File[] getExternalMediaDirs()>,ipc
MAMADROID,malware_evasion,ipc_and_dispatch,<android.content.Context: java.lang.String getBasePackageName()>,ipc
MAMADROID,malware_evasion,ipc_and_dispatch,<android.content.Context: java.lang.String getPackageCodePath()>,ipc
NATIDROID,privacy,device_and_subscriber_ids,<android.telephony.CellSignalStrength: int getDbm()>,telephony
NATIDROID,privacy,device_and_subscriber_ids,<android.telephony.euicc.EuiccManager: boolean isEnabled()>,telephony
NATIDROID,privacy,device_and_subscriber_ids,<android.telephony.CellIdentityLte: java.lang.String getMccString()>,telephony
NATIDROID,privacy,device_and_subscriber_ids,<android.telephony.CellIdentityLte: java.lang.String getMncString()>,telephony
NATIDROID,privacy,location_and_sensors,<android.location.Location: boolean hasMslAltitude()>,location
NATIDROID,privacy,location_and_sensors,<android.location.LocationListener: void onLocationChanged(android.location.Location)>,callback|location
NATIDROID,privacy,location_and_sensors,<android.hardware.camera2.params.DynamicRangeProfiles: java.util.Set getSupportedProfiles()>,camera
NATIDROID,privacy,web_and_exfil_primitives,<android.webkit.WebResourceRequest: boolean hasGesture()>,webview
NATIDROID,privacy,web_and_exfil_primitives,<android.webkit.WebResourceRequest: boolean isRedirect()>,webview
NATIDROID,privacy,web_and_exfil_primitives,<android.webkit.WebSettings: void setMixedContentMode(int)>,webview
NATIDROID,privacy,web_and_exfil_primitives,<android.webkit.WebResourceRequest: android.net.Uri getUrl()>,webview
NATIDROID,privacy,web_and_exfil_primitives,<android.webkit.WebResourceRequest: boolean isForMainFrame()>,webview
NATIDROID,privacy,web_and_exfil_primitives,<android.webkit.WebResourceRequest: java.lang.String getMethod()>,webview
NATIDROID,privacy,web_and_exfil_primitives,<android.webkit.WebSettings: void setOffscreenPreRaster(boolean)>,webview
NATIDROID,privacy,web_and_exfil_primitives,<android.webkit.WebSettings: void setSafeBrowsingEnabled(boolean)>,webview
NATIDROID,privacy,web_and_exfil_primitives,<android.webkit.ValueCallback: void onReceiveValue(java.lang.Object)>,callback|webview
NATIDROID,privacy,web_and_exfil_primitives,<android.webkit.WebResourceRequest: java.util.Map getRequestHeaders()>,webview
NATIDROID,privacy,web_and_exfil_primitives,<android.webkit.WebSettings: void setAllowFileAccessFromFileURLs(boolean)>,webview
NATIDROID,privacy,web_and_exfil_primitives,<android.webkit.WebSettings: void setAllowUniversalAccessFromFileURLs(boolean)>,webview
NATIDROID,privacy,web_and_exfil_primitives,"<android.webkit.GeolocationPermissions$Callback: void invoke(java.lang.String,boolean,boolean)>",webview
NATIDROID,privacy,web_and_exfil_primitives,<android.webkit.ServiceWorkerController: void setServiceWorkerClient(android.webkit.ServiceWorkerClient)>,webview
NATIDROID,privacy,web_and_exfil_primitives,<com.google.android.gms.internal.ads.pg: void loadUrl(java.lang.String)>,entrypoint|sensitive_api|webview
NATIDROID,malware_evasion,reflection_and_dynamic_loading,<java.lang.Runtime: void halt(int)>,reflection
NATIDROID,malware_evasion,reflection_and_dynamic_loading,<java.lang.Runtime: void runFinalization()>,reflection
NATIDROID,malware_evasion,reflection_and_dynamic_loading,<java.lang.reflect.Member: int getModifiers()>,reflection
NATIDROID,malware_evasion,reflection_and_dynamic_loading,<java.lang.reflect.Member: boolean isSynthetic()>,reflection
NATIDROID,malware_evasion,reflection_and_dynamic_loading,<java.lang.reflect.Member: java.lang.String getName()>,reflection
NATIDROID,malware_evasion,reflection_and_dynamic_loading,<java.lang.reflect.TypeVariable: java.lang.String getName()>,reflection
NATIDROID,malware_evasion,reflection_and_dynamic_loading,<java.lang.ClassValue: java.lang.Object get(java.lang.Class)>,reflection
NATIDROID,malware_evasion,reflection_and_dynamic_loading,<java.lang.reflect.Member: java.lang.Class getDeclaringClass()>,reflection
NATIDROID,malware_evasion,reflection_and_dynamic_loading,<java.lang.reflect.TypeVariable: java.lang.reflect.Type[] getBounds()>,reflection
NATIDROID,malware_evasion,reflection_and_dynamic_loading,<java.lang.ClassLoader: java.net.URL getSystemResource(java.lang.String)>,reflection
NATIDROID,malware_evasion,reflection_and_dynamic_loading,<java.lang.reflect.ParameterizedType: java.lang.reflect.Type getRawType()>,reflection
NATIDROID,malware_evasion,reflection_and_dynamic_loading,<java.lang.reflect.WildcardType: java.lang.reflect.Type[] getLowerBounds()>,reflection
NATIDROID,malware_evasion,reflection_and_dynamic_loading,<java.lang.reflect.WildcardType: java.lang.reflect.Type[] getUpperBounds()>,reflection
NATIDROID,malware_evasion,reflection_and_dynamic_loading,<java.lang.reflect.ParameterizedType: java.lang.reflect.Type getOwnerType()>,reflection
NATIDROID,malware_evasion,reflection_and_dynamic_loading,<java.lang.reflect.GenericArrayType: java.lang.reflect.Type getGenericComponentType()>,reflection
NATIDROID,malware_evasion,hidden_entrypoints_and_callbacks,<android.view.Window$Callback: void onContentChanged()>,callback
NATIDROID,malware_evasion,hidden_entrypoints_and_callbacks,<android.view.Window$Callback: void onAttachedToWindow()>,callback
NATIDROID,malware_evasion,hidden_entrypoints_and_callbacks,<android.view.Window$Callback: void onDetachedFromWindow()>,callback
NATIDROID,malware_evasion,hidden_entrypoints_and_callbacks,<android.support.v4.app.FragmentContainer: boolean onHasView()>,callback
NATIDROID,malware_evasion,hidden_entrypoints_and_callbacks,<android.widget.PopupWindow$OnDismissListener: void onDismiss()>,callback
NATIDROID,malware_evasion,hidden_entrypoints_and_callbacks,<android.view.Window$Callback: void onWindowFocusChanged(boolean)>,callback
NATIDROID,malware_evasion,hidden_entrypoints_and_callbacks,<android.view.View$OnClickListener: void onClick(android.view.View)>,callback
NATIDROID,malware_evasion,hidden_entrypoints_and_callbacks,<android.view.ViewParent: void onStopNestedScroll(android.view.View)>,callback
NATIDROID,malware_evasion,hidden_entrypoints_and_callbacks,<android.webkit.ValueCallback: void onReceiveValue(java.lang.Object)>,callback|webview
NATIDROID,malware_evasion,hidden_entrypoints_and_callbacks,<android.view.ViewTreeObserver$OnPreDrawListener: boolean onPreDraw()>,callback
NATIDROID,malware_evasion,hidden_entrypoints_and_callbacks,<android.view.Window$Callback: android.view.View onCreatePanelView(int)>,callback
NATIDROID,malware_evasion,hidden_entrypoints_and_callbacks,"<android.view.Window$Callback: void onPanelClosed(int,android.view.Menu)>",callback
NATIDROID,malware_evasion,hidden_entrypoints_and_callbacks,<android.support.v4.app.FragmentHostCallback: java.lang.Object onGetHost()>,callback
NATIDROID,malware_evasion,hidden_entrypoints_and_callbacks,"<android.view.Window$Callback: boolean onMenuOpened(int,android.view.Menu)>",callback
NATIDROID,malware_evasion,hidden_entrypoints_and_callbacks,<android.support.v4.app.Fragment$OnPreAttachedListener: void onPreAttached()>,callback
NATIDROID,malware_evasion,ipc_and_dispatch,<android.content.Context: int getDeviceId()>,ipc|sensitive_api
NATIDROID,malware_evasion,ipc_and_dispatch,<android.content.Context: java.io.File getDataDir()>,ipc
NATIDROID,malware_evasion,ipc_and_dispatch,<android.content.Context: java.io.File getCacheDir()>,ipc
NATIDROID,malware_evasion,ipc_and_dispatch,<android.content.Context: java.io.File getFilesDir()>,ipc
NATIDROID,malware_evasion,ipc_and_dispatch,<android.content.Context: java.io.File getCodeCacheDir()>,ipc
NATIDROID,malware_evasion,ipc_and_dispatch,<android.content.Context: android.os.Looper getMainLooper()>,ipc
NATIDROID,malware_evasion,ipc_and_dispatch,<android.content.Context: java.lang.String getPackageName()>,ipc
NATIDROID,malware_evasion,ipc_and_dispatch,<android.content.Context: java.lang.String[] databaseList()>,ipc
NATIDROID,malware_evasion,ipc_and_dispatch,<android.content.Context: boolean isDeviceProtectedStorage()>,ipc
NATIDROID,malware_evasion,ipc_and_dispatch,<android.content.Context: java.io.File getExternalCacheDir()>,ipc
NATIDROID,malware_evasion,ipc_and_dispatch,<android.content.Context: java.io.File getNoBackupFilesDir()>,ipc
NATIDROID,malware_evasion,ipc_and_dispatch,<android.content.Context: boolean deleteFile(java.lang.String)>,ipc
NATIDROID,malware_evasion,ipc_and_dispatch,<android.content.Context: java.io.File[] getExternalCacheDirs()>,ipc
NATIDROID,malware_evasion,ipc_and_dispatch,<android.content.Context: java.io.File[] getExternalMediaDirs()>,ipc
NATIDROID,malware_evasion,ipc_and_dispatch,<android.content.Context: java.lang.String getBasePackageName()>,ipc
GATOR,privacy,device_and_subscriber_ids,<android.telephony.CellSignalStrength: int getDbm()>,telephony
GATOR,privacy,device_and_subscriber_ids,<android.telephony.SubscriptionInfo: int getSimSlotIndex()>,telephony
GATOR,privacy,device_and_subscriber_ids,<android.telephony.euicc.EuiccManager: boolean isEnabled()>,telephony
GATOR,privacy,device_and_subscriber_ids,<android.telephony.TelephonyDisplayInfo: int getNetworkType()>,telephony
GATOR,privacy,device_and_subscriber_ids,<android.telephony.CellIdentityLte: java.lang.String getMccString()>,telephony
GATOR,privacy,device_and_subscriber_ids,<android.telephony.CellIdentityLte: java.lang.String getMncString()>,telephony
GATOR,privacy,device_and_subscriber_ids,<android.telephony.SubscriptionInfo: java.lang.String getMccString()>,telephony
GATOR,privacy,device_and_subscriber_ids,<android.telephony.SubscriptionInfo: java.lang.String getMncString()>,telephony
GATOR,privacy,device_and_subscriber_ids,<android.telephony.SubscriptionManager: boolean isNetworkRoaming(int)>,telephony
GATOR,privacy,device_and_subscriber_ids,<android.telephony.SignalStrength: java.util.List getCellSignalStrengths()>,telephony
GATOR,privacy,device_and_subscriber_ids,<android.telephony.SubscriptionInfo: java.lang.CharSequence getDisplayName()>,telephony
GATOR,privacy,device_and_subscriber_ids,<android.telephony.SubscriptionManager: int getActiveSubscriptionInfoCount()>,telephony
GATOR,privacy,device_and_subscriber_ids,<android.telephony.SubscriptionManager: java.lang.String getPhoneNumber(int)>,telephony
GATOR,privacy,device_and_subscriber_ids,<android.telephony.CellIdentity: java.lang.CharSequence getOperatorAlphaShort()>,telephony
GATOR,privacy,device_and_subscriber_ids,<android.telephony.SubscriptionManager: int getActiveSubscriptionInfoCountMax()>,telephony
GATOR,privacy,location_and_sensors,<android.location.Location: boolean isMock()>,location
GATOR,privacy,location_and_sensors,<android.location.Location: boolean hasMslAltitude()>,location
GATOR,privacy,location_and_sensors,<android.hardware.camera2.CameraManager: java.util.Set getConcurrentCameraIds()>,camera
GATOR,privacy,location_and_sensors,<android.location.LocationListener: void onLocationChanged(android.location.Location)>,callback|location
GATOR,privacy,location_and_sensors,<android.hardware.camera2.params.DynamicRangeProfiles: java.util.Set getSupportedProfiles()>,camera
GATOR,privacy,web_and_exfil_primitives,<android.webkit.WebSettings: void setTextZoom(int)>,webview
GATOR,privacy,web_and_exfil_primitives,<android.webkit.WebSettings: void setForceDark(int)>,webview
GATOR,privacy,web_and_exfil_primitives,<android.webkit.WebResourceRequest: boolean hasGesture()>,webview
GATOR,privacy,web_and_exfil_primitives,<android.webkit.WebResourceRequest: boolean isRedirect()>,webview
GATOR,privacy,web_and_exfil_primitives,<android.webkit.WebSettings: void setMixedContentMode(int)>,webview
GATOR,privacy,web_and_exfil_primitives,<android.webkit.WebResourceRequest: android.net.Uri getUrl()>,webview
GATOR,privacy,web_and_exfil_primitives,<android.webkit.WebResourceRequest: boolean isForMainFrame()>,webview
GATOR,privacy,web_and_exfil_primitives,<android.webkit.WebResourceRequest: java.lang.String getMethod()>,webview
GATOR,privacy,web_and_exfil_primitives,<android.webkit.WebSettings: void setAllowContentAccess(boolean)>,webview
GATOR,privacy,web_and_exfil_primitives,<android.webkit.WebSettings: void setOffscreenPreRaster(boolean)>,webview
GATOR,privacy,web_and_exfil_primitives,<android.webkit.WebSettings: void setDisplayZoomControls(boolean)>,webview
GATOR,privacy,web_and_exfil_primitives,<android.webkit.WebSettings: void setSafeBrowsingEnabled(boolean)>,webview
GATOR,privacy,web_and_exfil_primitives,<android.webkit.ValueCallback: void onReceiveValue(java.lang.Object)>,callback|webview
GATOR,privacy,web_and_exfil_primitives,<android.webkit.WebSettings: void setEnableSmoothTransition(boolean)>,webview
GATOR,privacy,web_and_exfil_primitives,<android.webkit.WebResourceRequest: java.util.Map getRequestHeaders()>,webview
GATOR,malware_evasion,reflection_and_dynamic_loading,<java.lang.Runtime: void halt(int)>,reflection
GATOR,malware_evasion,reflection_and_dynamic_loading,<java.lang.Runtime: void runFinalization()>,reflection
GATOR,malware_evasion,reflection_and_dynamic_loading,<java.lang.reflect.Member: int getModifiers()>,reflection
GATOR,malware_evasion,reflection_and_dynamic_loading,<java.lang.reflect.Member: boolean isSynthetic()>,reflection
GATOR,malware_evasion,reflection_and_dynamic_loading,<java.lang.reflect.Member: java.lang.String getName()>,reflection
GATOR,malware_evasion,reflection_and_dynamic_loading,<java.lang.reflect.TypeVariable: java.lang.String getName()>,reflection
GATOR,malware_evasion,reflection_and_dynamic_loading,<java.lang.ClassValue: java.lang.Object get(java.lang.Class)>,reflection
GATOR,malware_evasion,reflection_and_dynamic_loading,<java.lang.reflect.Member: java.lang.Class getDeclaringClass()>,reflection
GATOR,malware_evasion,reflection_and_dynamic_loading,<java.lang.reflect.TypeVariable: java.lang.reflect.Type[] getBounds()>,reflection
GATOR,malware_evasion,reflection_and_dynamic_loading,<java.lang.reflect.ParameterizedType: java.lang.reflect.Type getRawType()>,reflection
GATOR,malware_evasion,reflection_and_dynamic_loading,<java.lang.reflect.WildcardType: java.lang.reflect.Type[] getLowerBounds()>,reflection
GATOR,malware_evasion,reflection_and_dynamic_loading,<java.lang.reflect.WildcardType: java.lang.reflect.Type[] getUpperBounds()>,reflection
GATOR,malware_evasion,reflection_and_dynamic_loading,<java.lang.reflect.ParameterizedType: java.lang.reflect.Type getOwnerType()>,reflection
GATOR,malware_evasion,reflection_and_dynamic_loading,<java.lang.reflect.GenericArrayType: java.lang.reflect.Type getGenericComponentType()>,reflection
GATOR,malware_evasion,reflection_and_dynamic_loading,<java.lang.reflect.ParameterizedType: java.lang.reflect.Type[] getActualTypeArguments()>,reflection
GATOR,malware_evasion,hidden_entrypoints_and_callbacks,<android.view.Window$Callback: void onContentChanged()>,callback
GATOR,malware_evasion,hidden_entrypoints_and_callbacks,<android.view.Window$Callback: void onAttachedToWindow()>,callback
GATOR,malware_evasion,hidden_entrypoints_and_callbacks,<android.view.Window$Callback: void onDetachedFromWindow()>,callback
GATOR,malware_evasion,hidden_entrypoints_and_callbacks,<android.support.v4.app.FragmentContainer: boolean onHasView()>,callback
GATOR,malware_evasion,hidden_entrypoints_and_callbacks,<android.widget.PopupWindow$OnDismissListener: void onDismiss()>,callback
GATOR,malware_evasion,hidden_entrypoints_and_callbacks,<android.view.Window$Callback: void onWindowFocusChanged(boolean)>,callback
GATOR,malware_evasion,hidden_entrypoints_and_callbacks,<android.view.View$OnClickListener: void onClick(android.view.View)>,callback
GATOR,malware_evasion,hidden_entrypoints_and_callbacks,<android.view.ViewParent: void onStopNestedScroll(android.view.View)>,callback
GATOR,malware_evasion,hidden_entrypoints_and_callbacks,<android.webkit.ValueCallback: void onReceiveValue(java.lang.Object)>,callback|webview
GATOR,malware_evasion,hidden_entrypoints_and_callbacks,<android.view.ViewTreeObserver$OnPreDrawListener: boolean onPreDraw()>,callback
GATOR,malware_evasion,hidden_entrypoints_and_callbacks,<android.view.Window$Callback: android.view.View onCreatePanelView(int)>,callback
GATOR,malware_evasion,hidden_entrypoints_and_callbacks,"<android.view.Window$Callback: void onPanelClosed(int,android.view.Menu)>",callback
GATOR,malware_evasion,hidden_entrypoints_and_callbacks,<android.support.v4.app.FragmentHostCallback: java.lang.Object onGetHost()>,callback
GATOR,malware_evasion,hidden_entrypoints_and_callbacks,"<android.view.Window$Callback: boolean onMenuOpened(int,android.view.Menu)>",callback
GATOR,malware_evasion,hidden_entrypoints_and_callbacks,<android.support.v4.app.Fragment$OnPreAttachedListener: void onPreAttached()>,callback
GATOR,malware_evasion,ipc_and_dispatch,<android.content.Context: int getDeviceId()>,ipc|sensitive_api
GATOR,malware_evasion,ipc_and_dispatch,<android.content.Context: void setTheme(int)>,ipc
GATOR,malware_evasion,ipc_and_dispatch,<android.content.Context: boolean isUiContext()>,ipc
GATOR,malware_evasion,ipc_and_dispatch,<android.content.Context: java.io.File getDataDir()>,ipc
GATOR,malware_evasion,ipc_and_dispatch,<android.content.Context: java.io.File getCacheDir()>,ipc
GATOR,malware_evasion,ipc_and_dispatch,<android.content.Context: java.io.File getFilesDir()>,ipc
GATOR,malware_evasion,ipc_and_dispatch,<android.content.Context: java.io.File getCodeCacheDir()>,ipc
GATOR,malware_evasion,ipc_and_dispatch,<android.content.Context: android.os.Looper getMainLooper()>,ipc
GATOR,malware_evasion,ipc_and_dispatch,<android.content.Context: android.view.Display getDisplay()>,ipc
GATOR,malware_evasion,ipc_and_dispatch,<android.content.Context: java.lang.String getPackageName()>,ipc
GATOR,malware_evasion,ipc_and_dispatch,<android.content.Context: java.lang.String[] databaseList()>,ipc
GATOR,malware_evasion,ipc_and_dispatch,<android.content.Context: boolean isDeviceProtectedStorage()>,ipc
GATOR,malware_evasion,ipc_and_dispatch,<android.content.Context: java.io.File getExternalCacheDir()>,ipc
GATOR,malware_evasion,ipc_and_dispatch,<android.content.Context: java.io.File getNoBackupFilesDir()>,ipc
GATOR,malware_evasion,ipc_and_dispatch,<android.content.Context: boolean deleteFile(java.lang.String)>,ipc
